age,height_cm,weight_kg,heart_rate,sleep_hours,activity_index,smokes,gender,is_fit
56.0,152.0,65.0,69.6,8.36,3.97,0.0,1.0,1.0
69.0,186.0,95.0,60.8,7.5,3.19,0.0,1.0,1.0
46.0,192.0,103.0,61.4,6.140000000000001,2.03,0.0,1.0,0.0
32.0,189.0,83.0,60.2,7.0,3.68,0.0,0.0,1.0
60.0,175.0,99.0,58.1,8.0,4.83,1.0,1.0,1.0
25.0,172.0,85.0,81.2,7.7,4.08,1.0,0.0,0.0
78.0,193.0,83.0,79.6,7.4,3.42,1.0,1.0,0.0
38.0,188.0,57.0,81.2,6.6,4.96,0.0,0.0,1.0
56.0,164.0,108.0,70.1,9.1,2.06,0.0,1.0,0.0
75.0,198.0,55.0,67.1,8.1,1.25,0.0,1.0,0.0
36.0,153.0,63.0,67.3,5.9,1.13,0.0,0.0,0.0
40.0,178.0,55.0,82.3,8.5,3.84,0.0,0.0,1.0
28.0,171.0,90.0,48.2,8.8,4.32,0.0,1.0,1.0
28.0,174.0,89.0,63.8,7.4,3.54,0.0,0.0,1.0
41.0,162.0,45.0,59.4,6.459999999999999,4.62,0.0,0.0,1.0
70.0,167.0,84.0,86.3,4.4,3.79,0.0,0.0,0.0
53.0,182.0,63.0,64.3,6.2,2.48,0.0,0.0,1.0
57.0,165.0,116.0,50.4,8.8,1.73,0.0,1.0,0.0
41.0,194.0,116.0,72.7,6.3,4.7,1.0,0.0,1.0
20.0,191.0,105.0,65.6,7.3,1.41,0.0,1.0,1.0
39.0,193.0,56.0,63.3,6.2,3.17,1.0,1.0,0.0
70.0,151.0,105.0,62.1,7.8,2.26,1.0,1.0,0.0
19.0,184.0,77.0,61.6,8.2,2.09,1.0,0.0,0.0
41.0,191.0,89.0,78.5,8.1,3.58,0.0,1.0,1.0
61.0,183.0,113.0,72.7,5.8,1.92,1.0,1.0,0.0
47.0,179.0,52.0,67.6,7.7,4.67,1.0,1.0,0.0
55.0,162.0,69.0,56.8,9.9,2.62,0.0,1.0,0.0
19.0,162.0,90.0,68.0,8.6,3.71,0.0,1.0,1.0
77.0,167.0,74.0,73.1,7.6,3.91,1.0,0.0,0.0
38.0,181.0,91.0,73.6,4.6,3.73,0.0,1.0,1.0
50.0,181.0,30.0,71.9,7.1,4.61,1.0,0.0,0.0
29.0,184.0,91.0,58.9,10.0,1.92,1.0,1.0,1.0
75.0,188.0,62.0,45.0,9.5,1.34,0.0,1.0,0.0
39.0,195.0,110.0,91.6,8.2,1.22,1.0,0.0,0.0
78.0,178.0,112.0,54.3,6.540000000000001,4.51,1.0,0.0,0.0
61.0,198.0,77.0,46.4,8.22,4.89,0.0,1.0,1.0
42.0,178.0,80.0,71.6,8.7,2.21,1.0,1.0,0.0
66.0,193.0,35.0,49.5,8.9,3.77,0.0,1.0,1.0
44.0,165.0,72.0,60.3,8.0,1.04,1.0,1.0,0.0
76.0,193.0,84.0,76.6,8.8,1.75,0.0,1.0,0.0
59.0,196.0,59.0,91.3,7.4,3.76,1.0,0.0,0.0
45.0,159.0,85.0,74.7,7.3,1.26,0.0,1.0,0.0
77.0,179.0,83.0,64.7,6.8,2.87,0.0,1.0,0.0
33.0,174.0,46.0,69.4,8.1,3.65,0.0,0.0,0.0
32.0,188.0,107.0,48.3,9.0,4.06,0.0,0.0,0.0
79.0,169.0,73.0,64.6,8.6,2.82,0.0,1.0,0.0
79.0,154.0,118.0,64.6,5.7,3.52,0.0,0.0,0.0
64.0,150.0,110.0,71.8,5.8,3.16,0.0,0.0,0.0
79.0,179.0,95.0,93.3,9.2,1.21,0.0,0.0,0.0
68.0,198.0,119.0,46.8,7.8,3.97,1.0,1.0,0.0
61.0,152.0,54.0,65.1,7.8,1.69,1.0,1.0,0.0
72.0,194.0,58.0,48.0,7.8,1.13,0.0,1.0,0.0
69.0,163.0,35.0,64.0,10.1,2.8,0.0,0.0,0.0
74.0,179.0,117.0,59.6,6.8,4.46,1.0,1.0,0.0
20.0,199.0,83.0,52.1,9.2,1.6,0.0,1.0,0.0
54.0,153.0,72.0,81.0,7.9,1.05,0.0,0.0,0.0
68.0,167.0,47.0,73.1,5.1,1.44,0.0,1.0,0.0
24.0,186.0,114.0,79.6,7.4,2.45,1.0,0.0,0.0
38.0,174.0,71.0,63.6,6.6,3.32,0.0,0.0,1.0
26.0,197.0,46.0,69.2,7.82,1.77,1.0,0.0,0.0
56.0,150.0,82.0,89.1,9.3,4.21,1.0,0.0,0.0
35.0,195.0,47.0,70.0,8.0,4.01,0.0,1.0,1.0
21.0,164.0,60.0,79.7,6.7,3.78,0.0,1.0,1.0
42.0,158.0,84.0,62.6,6.1,2.95,1.0,1.0,0.0
77.0,164.0,46.0,78.6,9.2,2.46,1.0,0.0,0.0
31.0,198.0,85.0,63.4,5.6,2.5,1.0,1.0,0.0
67.0,173.0,56.0,47.2,7.3,3.01,0.0,1.0,0.0
75.0,153.0,79.0,69.9,11.0,1.31,0.0,0.0,0.0
26.0,161.0,109.0,64.4,6.760000000000001,3.73,1.0,0.0,0.0
43.0,186.0,99.0,50.5,5.6,2.41,0.0,1.0,1.0
70.0,186.0,89.0,72.3,6.640000000000001,1.9,0.0,0.0,0.0
19.0,192.0,106.0,59.3,11.1,2.11,1.0,1.0,0.0
37.0,155.0,93.0,107.1,8.0,1.72,1.0,0.0,0.0
45.0,188.0,69.0,52.4,6.2,4.61,1.0,0.0,0.0
64.0,195.0,67.0,55.4,7.2,1.68,1.0,1.0,0.0
77.0,173.0,68.0,80.4,6.5,4.53,1.0,0.0,0.0
24.0,160.0,82.0,68.4,4.7,3.29,1.0,0.0,0.0
61.0,162.0,72.0,80.2,8.0,4.47,0.0,0.0,1.0
78.0,183.0,65.0,74.6,7.6,2.9,0.0,1.0,1.0
25.0,174.0,98.0,63.0,8.6,4.71,0.0,1.0,1.0
64.0,156.0,62.0,53.5,7.5,1.85,0.0,1.0,1.0
52.0,153.0,80.0,82.9,7.7,3.22,0.0,0.0,0.0
31.0,157.0,89.0,54.5,4.1,1.5,0.0,0.0,0.0
34.0,169.0,117.0,76.7,8.9,2.79,1.0,0.0,0.0
53.0,178.0,97.0,81.0,5.9,3.28,1.0,0.0,1.0
67.0,194.0,74.0,68.5,6.7,3.42,0.0,1.0,1.0
57.0,195.0,104.0,66.4,6.7,2.46,1.0,1.0,0.0
21.0,159.0,76.0,58.2,4.4,1.31,0.0,0.0,0.0
19.0,192.0,111.0,75.6,6.6,3.62,0.0,1.0,1.0
79.0,183.0,111.0,45.0,6.5,2.95,0.0,1.0,0.0
23.0,175.0,72.0,78.6,6.9,1.55,0.0,1.0,0.0
71.0,190.0,88.0,71.4,4.9,4.74,0.0,0.0,1.0
59.0,198.0,85.0,67.3,8.9,4.82,1.0,1.0,0.0
21.0,152.0,107.0,72.9,7.6800000000000015,4.43,0.0,1.0,1.0
71.0,155.0,67.0,53.5,6.2,4.38,0.0,1.0,0.0
46.0,154.0,119.0,45.0,6.6,1.39,1.0,1.0,0.0
35.0,154.0,92.0,75.6,8.8,4.97,1.0,1.0,1.0
43.0,196.0,76.0,85.8,7.4399999999999995,2.6,0.0,0.0,1.0
61.0,172.0,101.0,49.1,5.6,1.65,1.0,1.0,0.0
51.0,198.0,77.0,57.4,7.6,4.25,1.0,1.0,1.0
27.0,158.0,68.0,79.0,5.9,1.9,0.0,0.0,1.0
79.0,184.0,83.0,74.3,5.62,3.1,1.0,1.0,1.0
53.0,169.0,78.0,105.6,7.4,1.51,1.0,0.0,0.0
31.0,198.0,100.0,82.9,9.1,2.9,0.0,0.0,1.0
48.0,191.0,72.0,80.0,10.5,3.23,0.0,0.0,1.0
65.0,184.0,81.0,60.8,9.5,2.78,0.0,0.0,0.0
32.0,199.0,51.0,76.3,7.4,1.28,0.0,1.0,0.0
25.0,167.0,112.0,87.9,10.9,2.94,0.0,1.0,0.0
31.0,166.0,81.0,68.0,8.3,2.88,0.0,0.0,0.0
40.0,173.0,100.0,68.6,6.0,2.05,1.0,1.0,0.0
77.0,152.0,109.0,71.7,7.6,4.69,1.0,0.0,0.0
74.0,181.0,109.0,62.0,8.580000000000002,2.67,0.0,1.0,0.0
79.0,184.0,91.0,73.2,5.6,4.46,0.0,1.0,0.0
57.0,187.0,64.0,72.9,5.7,1.44,0.0,0.0,0.0
38.0,162.0,63.0,87.8,7.1800000000000015,2.28,1.0,1.0,0.0
33.0,196.0,73.0,67.7,8.6,1.71,1.0,0.0,0.0
62.0,174.0,118.0,78.1,9.1,2.63,0.0,1.0,0.0
35.0,158.0,104.0,68.1,5.6,1.45,0.0,1.0,0.0
64.0,153.0,62.0,77.7,7.0,2.76,0.0,1.0,1.0
70.0,163.0,79.0,67.0,8.2,2.42,0.0,0.0,1.0
41.0,186.0,87.0,76.9,7.7,1.89,1.0,0.0,0.0
43.0,183.0,55.0,78.7,8.5,3.57,0.0,0.0,0.0
42.0,160.0,93.0,57.2,6.8,4.8,1.0,1.0,1.0
77.0,190.0,82.0,83.2,9.4,1.83,0.0,0.0,1.0
77.0,152.0,108.0,68.0,7.5,3.85,0.0,0.0,1.0
77.0,177.0,113.0,64.4,6.959999999999999,3.97,1.0,0.0,0.0
62.0,178.0,52.0,61.5,6.9,2.99,0.0,1.0,0.0
58.0,158.0,78.0,73.6,7.6,4.59,1.0,1.0,1.0
46.0,152.0,92.0,69.9,7.82,4.87,1.0,1.0,0.0
32.0,174.0,100.0,74.4,6.2,2.45,1.0,1.0,0.0
62.0,183.0,109.0,74.7,7.2,3.6,1.0,0.0,0.0
18.0,161.0,75.0,77.3,7.7,3.65,0.0,1.0,1.0
42.0,191.0,48.0,103.3,11.5,2.61,1.0,0.0,0.0
24.0,158.0,94.0,70.5,6.9,2.27,1.0,1.0,0.0
26.0,164.0,113.0,61.2,5.4,4.73,0.0,0.0,1.0
41.0,189.0,74.0,45.8,10.1,4.16,0.0,0.0,1.0
18.0,174.0,103.0,55.7,9.1,1.46,0.0,1.0,0.0
61.0,154.0,111.0,84.8,5.8,1.48,1.0,0.0,0.0
25.0,160.0,119.0,78.6,8.2,4.69,1.0,0.0,1.0
41.0,183.0,89.0,53.8,8.8,1.33,0.0,0.0,0.0
28.0,173.0,48.0,99.6,7.7,3.75,0.0,0.0,1.0
68.0,164.0,70.0,73.9,8.0,1.91,0.0,1.0,0.0
34.0,187.0,71.0,75.5,6.6,1.14,0.0,1.0,0.0
25.0,157.0,90.0,96.9,8.120000000000001,1.24,1.0,0.0,0.0
52.0,154.0,108.0,90.9,6.8,2.49,0.0,1.0,0.0
52.0,197.0,95.0,79.4,4.0,1.31,0.0,0.0,1.0
50.0,175.0,94.0,80.0,7.8,3.39,0.0,0.0,1.0
76.0,167.0,50.0,81.1,5.0,3.59,1.0,1.0,0.0
22.0,155.0,103.0,67.1,9.0,2.49,0.0,0.0,0.0
59.0,186.0,59.0,73.4,5.8,3.97,1.0,1.0,0.0
56.0,197.0,74.0,76.9,4.0,2.96,1.0,0.0,0.0
75.0,162.0,86.0,68.5,4.8,2.72,0.0,1.0,0.0
58.0,177.0,81.0,58.4,7.4,2.63,0.0,1.0,1.0
45.0,154.0,86.0,66.8,7.8,2.72,0.0,0.0,0.0
24.0,162.0,79.0,58.1,5.4,4.87,0.0,1.0,1.0
26.0,166.0,50.0,70.8,5.9,3.73,0.0,0.0,1.0
25.0,199.0,112.0,48.6,7.5,2.26,1.0,1.0,0.0
29.0,189.0,62.0,74.1,9.0,3.94,0.0,0.0,1.0
51.0,194.0,117.0,50.4,5.7,2.32,0.0,1.0,0.0
50.0,181.0,35.0,65.2,8.1,1.5,0.0,1.0,0.0
65.0,178.0,103.0,76.0,4.9,2.9,0.0,1.0,0.0
72.0,152.0,91.0,79.5,8.0,4.0,0.0,0.0,0.0
40.0,189.0,61.0,78.1,8.6,2.51,0.0,1.0,1.0
79.0,183.0,66.0,73.8,8.3,4.48,1.0,0.0,0.0
41.0,189.0,112.0,56.6,9.0,2.55,1.0,1.0,0.0
54.0,176.0,113.0,81.8,8.9,2.4,0.0,1.0,0.0
52.0,162.0,81.0,56.8,10.3,4.99,0.0,0.0,1.0
61.0,194.0,93.0,83.1,7.7,2.93,1.0,1.0,0.0
57.0,182.0,57.0,77.5,10.3,4.22,0.0,0.0,1.0
39.0,155.0,78.0,86.3,6.1,4.22,0.0,0.0,1.0
44.0,173.0,97.0,70.3,7.2,4.71,1.0,0.0,0.0
52.0,168.0,95.0,60.2,7.3,1.34,0.0,0.0,0.0
18.0,165.0,47.0,54.5,5.9,2.08,0.0,0.0,0.0
52.0,189.0,86.0,55.8,4.0,4.07,1.0,1.0,0.0
54.0,177.0,76.0,50.4,8.8,3.25,1.0,0.0,1.0
64.0,182.0,95.0,81.3,6.1,3.24,0.0,1.0,0.0
31.0,197.0,90.0,82.8,6.9,1.66,0.0,0.0,1.0
20.0,190.0,65.0,76.6,9.9,2.12,0.0,0.0,1.0
18.0,162.0,88.0,69.6,8.4,3.09,0.0,1.0,1.0
22.0,192.0,55.0,94.7,10.1,2.11,0.0,1.0,1.0
43.0,194.0,112.0,68.8,7.7,1.84,1.0,0.0,0.0
72.0,174.0,45.0,72.7,8.3,1.35,1.0,0.0,0.0
31.0,191.0,107.0,69.4,7.1,1.62,1.0,1.0,0.0
56.0,185.0,68.0,65.9,6.2,4.08,0.0,1.0,0.0
44.0,176.0,57.0,77.6,8.3,3.88,0.0,0.0,1.0
26.0,187.0,55.0,62.4,6.8,1.18,1.0,0.0,0.0
32.0,156.0,95.0,61.6,8.5,1.81,1.0,0.0,0.0
32.0,154.0,61.0,78.2,6.6,3.24,0.0,1.0,1.0
43.0,192.0,68.0,64.0,7.2,2.29,0.0,0.0,0.0
59.0,194.0,63.0,71.6,7.4,4.29,0.0,1.0,0.0
77.0,180.0,81.0,65.9,9.1,4.14,0.0,1.0,0.0
30.0,172.0,52.0,69.9,6.9,4.57,0.0,0.0,1.0
68.0,191.0,72.0,61.9,9.3,3.25,0.0,0.0,1.0
49.0,159.0,49.0,62.3,6.1,2.41,1.0,1.0,0.0
56.0,181.0,61.0,60.2,7.9,3.42,0.0,0.0,1.0
66.0,192.0,80.0,80.1,6.5,1.36,1.0,0.0,0.0
69.0,179.0,63.0,72.1,9.2,1.04,0.0,1.0,0.0
78.0,188.0,108.0,81.0,6.3,1.07,0.0,0.0,0.0
49.0,180.0,55.0,82.3,8.52,2.63,1.0,1.0,1.0
21.0,167.0,98.0,64.5,5.6,1.91,1.0,1.0,0.0
47.0,185.0,89.0,80.6,7.7,1.63,1.0,0.0,0.0
54.0,151.0,35.0,69.8,8.4,3.46,1.0,1.0,0.0
40.0,163.0,56.0,68.1,8.2,4.98,1.0,1.0,0.0
56.0,162.0,65.0,85.0,7.3,1.71,0.0,0.0,0.0
62.0,178.0,55.0,76.6,6.5,3.19,0.0,1.0,1.0
32.0,161.0,49.0,65.8,7.1,1.48,0.0,0.0,0.0
60.0,188.0,100.0,75.9,7.1,4.74,0.0,1.0,1.0
46.0,151.0,64.0,54.8,7.9,2.17,0.0,1.0,1.0
53.0,181.0,85.0,73.0,7.8,4.51,1.0,1.0,0.0
30.0,162.0,90.0,52.0,10.1,2.13,1.0,1.0,0.0
49.0,195.0,56.0,58.2,7.6,4.22,0.0,1.0,1.0
24.0,176.0,114.0,77.0,8.0,1.84,1.0,1.0,0.0
76.0,198.0,61.0,45.0,7.6,2.17,0.0,1.0,0.0
68.0,190.0,63.0,91.6,7.0,1.77,0.0,0.0,1.0
39.0,166.0,70.0,80.0,8.0,2.06,1.0,1.0,0.0
45.0,189.0,92.0,47.9,6.9,4.34,1.0,0.0,1.0
19.0,180.0,96.0,98.8,7.4,3.56,0.0,1.0,0.0
59.0,183.0,114.0,102.1,9.2,2.62,1.0,1.0,0.0
62.0,173.0,99.0,67.8,6.8,4.89,0.0,0.0,1.0
79.0,194.0,119.0,58.9,8.1,2.86,0.0,0.0,0.0
74.0,184.0,77.0,90.2,4.0,4.88,1.0,0.0,0.0
70.0,197.0,106.0,65.9,7.2,1.79,0.0,1.0,0.0
23.0,155.0,67.0,71.9,6.8,4.62,0.0,0.0,1.0
45.0,168.0,59.0,84.6,7.7,1.06,1.0,1.0,0.0
45.0,179.0,71.0,68.2,7.1,3.18,0.0,1.0,0.0
61.0,156.0,119.0,67.1,7.7,2.69,0.0,0.0,0.0
61.0,159.0,108.0,54.7,6.9,3.1,0.0,1.0,0.0
37.0,190.0,95.0,62.4,8.1,3.21,1.0,0.0,0.0
47.0,181.0,97.0,66.9,4.9,2.56,0.0,0.0,0.0
79.0,183.0,95.0,55.1,7.0,4.99,1.0,0.0,0.0
28.0,177.0,91.0,56.2,6.1,4.91,0.0,0.0,1.0
75.0,164.0,48.0,70.4,9.3,4.85,0.0,1.0,1.0
72.0,179.0,51.0,47.8,6.1,4.92,0.0,1.0,1.0
45.0,186.0,79.0,59.5,9.0,4.17,1.0,0.0,0.0
42.0,178.0,92.0,93.3,7.5,4.95,0.0,0.0,1.0
56.0,171.0,117.0,65.9,4.8,4.57,0.0,1.0,1.0
79.0,153.0,116.0,64.4,6.2,2.66,1.0,1.0,0.0
50.0,169.0,89.0,65.8,7.720000000000001,4.14,0.0,0.0,0.0
18.0,181.0,116.0,66.0,8.7,4.65,0.0,1.0,1.0
74.0,185.0,63.0,76.9,5.6,3.85,0.0,1.0,0.0
44.0,199.0,107.0,76.1,9.8,2.69,0.0,1.0,1.0
79.0,153.0,82.0,65.3,7.5,1.26,0.0,1.0,0.0
74.0,176.0,111.0,67.4,8.8,4.24,0.0,0.0,1.0
69.0,166.0,103.0,85.8,5.7,4.81,1.0,1.0,0.0
30.0,161.0,113.0,51.9,6.8,2.45,0.0,0.0,1.0
58.0,171.0,57.0,69.3,8.1,1.61,1.0,0.0,0.0
20.0,166.0,91.0,71.6,7.0,2.31,0.0,0.0,0.0
56.0,159.0,105.0,60.7,4.0,3.33,1.0,1.0,0.0
23.0,150.0,75.0,68.6,7.2,2.27,1.0,1.0,0.0
25.0,171.0,66.0,59.1,4.6,3.44,0.0,0.0,1.0
44.0,175.0,87.0,77.6,5.9,4.87,1.0,1.0,1.0
26.0,167.0,111.0,53.9,5.4,3.68,1.0,0.0,1.0
79.0,199.0,98.0,82.7,9.2,2.45,0.0,0.0,0.0
54.0,163.0,54.0,69.1,9.7,4.74,0.0,1.0,1.0
50.0,196.0,86.0,64.6,8.0,3.26,1.0,1.0,0.0
68.0,178.0,108.0,57.9,7.2,1.51,1.0,1.0,0.0
59.0,161.0,65.0,82.4,7.5,3.0,0.0,0.0,0.0
61.0,185.0,110.0,62.2,9.2,3.61,0.0,0.0,1.0
41.0,184.0,85.0,56.0,4.5,4.35,0.0,1.0,0.0
32.0,161.0,68.0,82.6,5.9,4.75,1.0,0.0,0.0
76.0,156.0,79.0,59.1,9.0,2.27,1.0,0.0,0.0
71.0,178.0,100.0,68.9,9.3,1.62,1.0,0.0,0.0
49.0,160.0,74.0,79.8,8.4,1.3,1.0,1.0,0.0
49.0,182.0,200.0,71.9,5.9,3.95,0.0,1.0,0.0
41.0,155.0,91.0,90.8,9.0,4.18,1.0,1.0,1.0
58.0,196.0,79.0,60.0,6.12,2.64,1.0,0.0,1.0
69.0,164.0,63.0,67.5,8.6,2.58,0.0,1.0,1.0
66.0,181.0,52.0,68.4,4.0,4.82,1.0,0.0,1.0
79.0,160.0,250.0,77.5,7.7,4.67,1.0,0.0,0.0
66.0,172.0,115.0,85.5,7.0200000000000005,1.93,0.0,0.0,0.0
75.0,175.0,74.0,70.9,6.7,4.12,1.0,1.0,1.0
69.0,183.0,51.0,68.3,7.8,3.49,0.0,0.0,1.0
29.0,195.0,111.0,52.2,6.7,1.62,1.0,1.0,0.0
79.0,183.0,109.0,71.3,6.2,2.43,1.0,0.0,0.0
56.0,178.0,80.0,62.2,9.8,1.71,0.0,1.0,1.0
19.0,153.0,69.0,77.4,7.8,2.18,0.0,1.0,0.0
20.0,166.0,81.0,65.1,5.8,3.46,0.0,1.0,1.0
66.0,184.0,45.0,67.1,5.4,2.5,0.0,1.0,0.0
54.0,162.0,59.0,52.5,6.2,2.58,0.0,1.0,0.0
66.0,190.0,81.0,48.3,6.2,3.16,0.0,1.0,1.0
73.0,188.0,57.0,92.3,7.7,1.35,1.0,1.0,0.0
34.0,164.0,52.0,71.6,6.840000000000001,3.96,0.0,1.0,1.0
76.0,178.0,49.0,74.9,8.2,2.61,0.0,0.0,0.0
66.0,178.0,104.0,59.1,6.4,2.92,0.0,0.0,1.0
19.0,160.0,117.0,80.5,8.9,4.9,0.0,0.0,1.0
19.0,181.0,45.0,78.3,9.3,2.38,1.0,0.0,0.0
45.0,151.0,80.0,60.4,7.1,3.59,1.0,0.0,0.0
71.0,196.0,79.0,57.3,6.0,2.57,0.0,1.0,0.0
40.0,163.0,110.0,61.2,7.32,4.58,0.0,1.0,1.0
54.0,169.0,107.0,69.7,10.7,4.39,0.0,1.0,1.0
49.0,171.0,67.0,72.0,5.9,1.97,0.0,1.0,0.0
50.0,160.0,53.0,70.5,6.7,3.77,1.0,1.0,0.0
18.0,176.0,78.0,85.6,7.6,1.26,0.0,0.0,1.0
36.0,152.0,90.0,61.4,8.3,4.85,0.0,0.0,1.0
79.0,166.0,48.0,57.0,4.5,2.4,1.0,1.0,0.0
19.0,193.0,74.0,70.0,9.5,4.33,0.0,0.0,1.0
70.0,177.0,119.0,49.7,9.4,2.27,0.0,0.0,0.0
61.0,178.0,116.0,78.3,6.9,3.53,0.0,1.0,1.0
43.0,170.0,47.0,71.2,7.5,4.93,0.0,1.0,1.0
49.0,196.0,58.0,65.9,9.3,4.51,1.0,0.0,1.0
23.0,165.0,104.0,65.3,9.3,1.64,1.0,0.0,0.0
49.0,186.0,89.0,80.9,9.3,3.19,0.0,1.0,0.0
72.0,169.0,78.0,80.5,9.2,2.39,1.0,0.0,0.0
21.0,155.0,89.0,67.0,7.5,2.74,0.0,1.0,0.0
72.0,168.0,105.0,77.1,7.3,2.34,0.0,0.0,0.0
28.0,154.0,60.0,80.4,6.1,2.34,0.0,0.0,1.0
73.0,152.0,110.0,74.0,6.6,3.17,1.0,1.0,0.0
76.0,150.0,84.0,67.5,7.0,1.77,1.0,0.0,0.0
34.0,187.0,61.0,74.6,7.6,3.15,1.0,1.0,0.0
55.0,164.0,78.0,57.5,9.9,2.12,1.0,0.0,0.0
41.0,183.0,60.0,70.9,4.3,2.16,1.0,0.0,0.0
22.0,184.0,104.0,67.2,9.5,3.95,0.0,1.0,1.0
69.0,198.0,110.0,65.3,6.0,1.12,0.0,0.0,0.0
51.0,174.0,110.0,49.3,7.3,2.52,0.0,1.0,0.0
23.0,173.0,57.0,57.7,6.4,2.63,1.0,1.0,0.0
39.0,161.0,100.0,64.2,10.3,2.94,1.0,0.0,1.0
28.0,167.0,75.0,80.7,6.8,3.68,0.0,1.0,1.0
65.0,164.0,78.0,73.4,8.3,2.48,0.0,1.0,1.0
33.0,193.0,83.0,81.3,8.4,1.85,0.0,1.0,1.0
50.0,165.0,111.0,84.9,5.8,4.54,1.0,0.0,1.0
26.0,176.0,52.0,74.0,7.4,4.92,1.0,1.0,0.0
77.0,157.0,99.0,71.7,9.3,1.08,1.0,1.0,0.0
76.0,195.0,71.0,58.3,6.2,3.19,1.0,0.0,0.0
23.0,174.0,97.0,93.8,8.7,2.37,1.0,1.0,0.0
33.0,166.0,83.0,53.0,7.0,2.11,0.0,1.0,0.0
46.0,178.0,109.0,71.4,9.2,2.34,1.0,1.0,1.0
20.0,157.0,61.0,80.0,10.1,3.56,1.0,0.0,1.0
37.0,164.0,74.0,80.2,4.5,1.76,1.0,0.0,0.0
77.0,176.0,97.0,56.1,5.5,4.65,1.0,0.0,0.0
76.0,195.0,57.0,65.0,6.8,2.86,1.0,0.0,0.0
53.0,199.0,65.0,60.4,9.7,2.3,1.0,0.0,1.0
36.0,156.0,63.0,46.2,7.58,4.06,0.0,0.0,1.0
43.0,152.0,97.0,71.6,5.6,1.07,1.0,1.0,0.0
20.0,178.0,63.0,61.4,8.5,2.73,0.0,0.0,1.0
36.0,193.0,101.0,88.1,6.1,2.42,1.0,0.0,0.0
37.0,173.0,69.0,77.4,8.8,2.35,1.0,0.0,0.0
49.0,152.0,75.0,70.5,8.3,2.35,0.0,0.0,1.0
24.0,169.0,99.0,64.3,6.1,1.13,1.0,1.0,0.0
69.0,195.0,67.0,71.4,7.4,1.61,0.0,1.0,0.0
58.0,164.0,76.0,66.9,9.3,1.57,1.0,0.0,0.0
50.0,174.0,106.0,70.8,4.7,4.95,1.0,1.0,1.0
57.0,179.0,118.0,92.8,8.0,1.09,0.0,0.0,0.0
56.0,163.0,54.0,57.2,5.8,1.67,0.0,1.0,0.0
35.0,156.0,116.0,68.0,7.5,4.9,0.0,0.0,1.0
57.0,166.0,98.0,78.5,8.2,3.51,1.0,0.0,0.0
18.0,193.0,96.0,65.2,10.5,2.8,1.0,0.0,1.0
28.0,169.0,64.0,89.0,7.5,1.32,1.0,0.0,0.0
45.0,185.0,76.0,78.1,9.7,3.68,0.0,1.0,1.0
74.0,158.0,35.0,61.4,6.2,1.55,0.0,0.0,0.0
42.0,187.0,94.0,72.4,6.8,3.68,1.0,1.0,0.0
67.0,197.0,72.0,61.5,8.4,4.92,1.0,1.0,0.0
40.0,171.0,97.0,60.4,7.8,3.13,0.0,1.0,1.0
48.0,151.0,68.0,68.3,7.0,1.86,1.0,0.0,0.0
47.0,173.0,66.0,85.2,7.0,3.5,0.0,1.0,1.0
59.0,157.0,74.0,78.9,9.5,3.05,1.0,1.0,0.0
52.0,160.0,107.0,69.7,7.1,3.13,0.0,1.0,0.0
24.0,162.0,48.0,79.4,6.0,2.91,1.0,0.0,1.0
77.0,166.0,103.0,73.2,6.2,3.69,0.0,1.0,0.0
33.0,157.0,52.0,56.0,8.5,3.29,0.0,0.0,1.0
43.0,170.0,56.0,68.3,10.9,4.95,0.0,1.0,1.0
65.0,167.0,75.0,69.1,6.7,4.3,1.0,1.0,1.0
74.0,179.0,78.0,79.1,10.7,2.06,1.0,0.0,0.0
69.0,167.0,119.0,63.2,7.5,3.9,0.0,0.0,0.0
77.0,195.0,93.0,59.0,7.1,1.86,0.0,1.0,0.0
66.0,196.0,101.0,69.5,6.1,4.13,1.0,0.0,0.0
19.0,180.0,70.0,62.3,7.2,1.59,0.0,1.0,0.0
18.0,187.0,62.0,66.1,6.4,2.89,0.0,1.0,1.0
65.0,181.0,82.0,69.0,6.2,4.16,1.0,0.0,0.0
79.0,160.0,94.0,65.4,5.0,2.12,0.0,0.0,0.0
29.0,194.0,52.0,81.6,10.1,4.35,1.0,0.0,1.0
22.0,174.0,85.0,87.0,9.1,3.58,0.0,1.0,1.0
54.0,182.0,50.0,80.4,7.9,2.59,1.0,1.0,0.0
49.0,187.0,113.0,48.7,7.3,2.69,1.0,1.0,0.0
76.0,190.0,88.0,62.3,7.5,4.7,1.0,0.0,1.0
72.0,157.0,108.0,67.9,6.3,1.87,1.0,0.0,0.0
26.0,160.0,73.0,47.8,5.8,3.77,0.0,0.0,0.0
58.0,171.0,72.0,59.5,8.6,3.83,1.0,1.0,0.0
52.0,173.0,55.0,67.7,7.1,4.69,1.0,0.0,1.0
36.0,190.0,109.0,64.6,8.0,3.85,1.0,0.0,0.0
65.0,166.0,63.0,70.1,5.0,3.34,1.0,1.0,0.0
33.0,161.0,53.0,53.4,7.0,4.61,1.0,0.0,1.0
20.0,195.0,71.0,64.5,5.8,4.32,1.0,0.0,1.0
37.0,181.0,78.0,71.8,8.2,3.87,1.0,1.0,0.0
41.0,164.0,88.0,70.1,9.0,1.13,0.0,1.0,0.0
71.0,165.0,112.0,75.4,9.7,2.49,0.0,1.0,0.0
73.0,171.0,59.0,74.7,6.6,3.53,0.0,1.0,0.0
50.0,177.0,95.0,65.1,5.8,3.09,0.0,1.0,0.0
41.0,169.0,57.0,71.4,6.9,2.28,0.0,1.0,1.0
69.0,182.0,93.0,60.4,6.5,1.58,1.0,0.0,1.0
28.0,159.0,114.0,66.8,6.8,3.21,1.0,0.0,1.0
66.0,189.0,100.0,57.3,5.4,2.14,1.0,1.0,1.0
25.0,181.0,95.0,82.8,4.9,1.93,0.0,1.0,1.0
53.0,199.0,81.0,66.7,7.0,2.6,1.0,0.0,0.0
55.0,182.0,61.0,82.8,8.6,4.14,0.0,1.0,1.0
57.0,151.0,102.0,73.7,6.0,2.95,0.0,1.0,0.0
37.0,182.0,73.0,59.4,8.8,1.87,0.0,0.0,1.0
79.0,182.0,77.0,73.0,8.0,1.47,0.0,0.0,0.0
52.0,190.0,104.0,79.7,9.8,3.0,0.0,1.0,1.0
65.0,162.0,99.0,69.1,6.3,4.18,1.0,1.0,0.0
79.0,179.0,54.0,70.9,5.1,3.61,0.0,0.0,0.0
42.0,182.0,220.0,63.4,8.4,1.93,0.0,1.0,0.0
52.0,162.0,67.0,70.3,7.9,2.75,0.0,0.0,1.0
42.0,175.0,65.0,72.9,7.8,4.42,0.0,0.0,1.0
46.0,171.0,57.0,63.1,5.9,1.71,1.0,1.0,0.0
35.0,188.0,77.0,57.0,8.7,3.13,1.0,0.0,1.0
63.0,151.0,68.0,85.5,6.5,2.42,0.0,0.0,1.0
35.0,187.0,55.0,77.2,7.8,1.5,0.0,0.0,0.0
19.0,188.0,61.0,63.4,7.340000000000001,1.2,0.0,1.0,0.0
71.0,175.0,112.0,72.6,8.0,3.22,0.0,1.0,0.0
52.0,195.0,91.0,52.3,5.7,1.08,1.0,1.0,0.0
33.0,199.0,69.0,46.3,8.2,1.41,1.0,0.0,0.0
78.0,164.0,117.0,83.0,8.5,2.39,1.0,0.0,0.0
58.0,183.0,65.0,72.8,7.7,1.17,1.0,1.0,0.0
53.0,191.0,56.0,69.4,10.0,2.6,0.0,0.0,1.0
50.0,193.0,81.0,72.8,8.1,1.52,0.0,0.0,1.0
21.0,198.0,86.0,108.7,8.9,2.4,0.0,1.0,1.0
50.0,189.0,61.0,80.4,7.6,4.16,0.0,0.0,0.0
31.0,160.0,92.0,57.5,8.7,3.51,0.0,0.0,1.0
38.0,152.0,72.0,49.8,5.2,2.78,1.0,0.0,0.0
65.0,155.0,85.0,82.7,7.5,1.37,0.0,0.0,0.0
37.0,158.0,91.0,80.3,5.8,3.48,0.0,0.0,1.0
73.0,155.0,62.0,76.9,7.0,1.65,0.0,0.0,1.0
25.0,158.0,115.0,60.2,8.1,1.31,0.0,1.0,0.0
24.0,188.0,57.0,74.4,8.7,3.66,1.0,1.0,0.0
20.0,180.0,57.0,61.3,8.2,4.65,0.0,0.0,1.0
34.0,181.0,75.0,78.0,7.0,2.84,0.0,1.0,0.0
50.0,190.0,46.0,81.8,6.4,1.16,1.0,1.0,0.0
65.0,199.0,60.0,63.5,4.0,4.52,0.0,1.0,1.0
29.0,161.0,53.0,83.6,7.6,1.27,1.0,0.0,1.0
76.0,157.0,117.0,71.4,9.2,4.47,1.0,1.0,0.0
68.0,157.0,82.0,75.9,7.7,2.57,0.0,0.0,0.0
39.0,199.0,35.0,54.3,7.4,2.46,0.0,1.0,0.0
72.0,177.0,98.0,72.8,7.7,3.17,0.0,1.0,0.0
39.0,169.0,100.0,61.9,6.9,4.83,1.0,0.0,0.0
63.0,196.0,89.0,75.7,7.8,4.59,0.0,1.0,1.0
47.0,156.0,78.0,87.6,6.9,2.88,0.0,0.0,0.0
55.0,160.0,53.0,73.5,6.2,3.78,0.0,1.0,1.0
55.0,169.0,52.0,59.2,7.4,3.32,1.0,1.0,0.0
62.0,165.0,51.0,77.5,7.4,3.77,0.0,1.0,0.0
68.0,153.0,80.0,74.8,10.3,4.32,1.0,1.0,0.0
71.0,155.0,62.0,94.7,6.3,1.14,1.0,0.0,0.0
25.0,171.0,47.0,73.0,7.3,2.3,1.0,0.0,1.0
44.0,175.0,72.0,63.0,7.1,4.84,0.0,1.0,1.0
44.0,152.0,114.0,79.2,6.8,4.8,1.0,0.0,0.0
51.0,190.0,88.0,68.5,8.3,1.04,1.0,1.0,0.0
38.0,191.0,65.0,71.0,10.9,1.81,0.0,0.0,0.0
47.0,163.0,72.0,58.9,7.0,4.98,1.0,0.0,0.0
50.0,160.0,98.0,68.5,8.3,2.97,0.0,0.0,0.0
45.0,167.0,98.0,70.4,4.6,3.29,1.0,1.0,0.0
64.0,161.0,109.0,68.5,6.9,1.67,0.0,0.0,1.0
50.0,172.0,65.0,62.9,9.8,4.58,1.0,0.0,0.0
22.0,161.0,57.0,73.5,7.4,1.93,1.0,1.0,0.0
77.0,162.0,101.0,58.9,8.3,1.76,0.0,1.0,0.0
78.0,174.0,93.0,56.1,6.6,1.91,0.0,1.0,0.0
65.0,194.0,98.0,78.5,7.9,4.68,0.0,0.0,1.0
36.0,168.0,54.0,77.4,9.9,3.81,0.0,0.0,1.0
21.0,195.0,97.0,54.3,5.8,4.07,1.0,0.0,1.0
52.0,185.0,88.0,48.0,10.8,2.51,0.0,0.0,1.0
66.0,194.0,91.0,57.9,5.2,4.64,0.0,0.0,1.0
34.0,157.0,97.0,68.5,6.8,4.16,0.0,0.0,1.0
61.0,178.0,118.0,83.9,6.2,4.0,0.0,1.0,0.0
45.0,181.0,90.0,68.2,7.1,4.88,0.0,0.0,1.0
47.0,193.0,57.0,60.8,6.2,2.46,0.0,0.0,1.0
46.0,167.0,81.0,71.8,6.1,3.44,1.0,0.0,1.0
63.0,155.0,68.0,68.6,5.7,4.64,0.0,1.0,1.0
70.0,167.0,46.0,53.4,7.140000000000001,4.16,0.0,0.0,1.0
23.0,168.0,58.0,53.5,7.1,3.25,0.0,1.0,1.0
52.0,171.0,54.0,53.8,6.8,1.3,1.0,0.0,0.0
77.0,186.0,79.0,99.8,7.12,3.61,1.0,1.0,0.0
58.0,181.0,69.0,80.3,5.3,3.11,0.0,1.0,0.0
54.0,190.0,47.0,62.9,8.0,1.74,0.0,1.0,0.0
41.0,152.0,61.0,83.3,7.4,4.53,0.0,0.0,1.0
46.0,177.0,56.0,63.2,7.4,2.37,0.0,1.0,0.0
66.0,159.0,98.0,82.9,8.3,2.55,0.0,0.0,0.0
63.0,184.0,68.0,71.0,10.0,3.69,0.0,1.0,0.0
70.0,178.0,73.0,62.1,8.0,2.96,1.0,0.0,0.0
48.0,164.0,87.0,78.2,7.2,1.36,0.0,1.0,0.0
52.0,182.0,69.0,71.7,6.0600000000000005,2.55,1.0,1.0,0.0
77.0,156.0,104.0,74.8,8.1,1.38,1.0,0.0,0.0
50.0,161.0,109.0,72.6,7.7,1.76,1.0,1.0,0.0
69.0,198.0,72.0,72.5,5.6,1.03,1.0,0.0,0.0
78.0,179.0,60.0,79.6,4.0,1.73,0.0,1.0,0.0
38.0,170.0,91.0,101.0,7.0,2.32,1.0,1.0,0.0
49.0,180.0,102.0,85.0,7.9,3.15,1.0,0.0,0.0
40.0,173.0,71.0,72.6,8.6,4.68,1.0,0.0,0.0
50.0,169.0,97.0,66.3,9.1,3.16,1.0,0.0,0.0
20.0,186.0,86.0,67.6,8.8,3.82,0.0,1.0,1.0
35.0,153.0,220.0,54.9,8.9,2.43,1.0,0.0,0.0
42.0,177.0,91.0,78.0,5.3,4.01,0.0,0.0,1.0
59.0,193.0,78.0,57.8,7.3,3.48,0.0,1.0,1.0
48.0,169.0,81.0,65.5,8.4,2.84,0.0,0.0,1.0
71.0,173.0,50.0,78.0,7.6,1.78,0.0,0.0,1.0
75.0,199.0,51.0,67.2,7.3,2.21,0.0,1.0,1.0
20.0,198.0,69.0,64.1,7.5,3.48,0.0,1.0,1.0
57.0,181.0,77.0,55.6,7.9,2.7,1.0,1.0,0.0
63.0,190.0,99.0,84.5,7.4,4.56,1.0,1.0,0.0
41.0,185.0,102.0,60.0,6.2,1.94,0.0,1.0,0.0
67.0,183.0,51.0,63.0,4.9,1.29,0.0,0.0,0.0
49.0,185.0,101.0,48.5,7.2,3.36,0.0,1.0,0.0
64.0,151.0,56.0,69.8,7.6,4.54,0.0,1.0,1.0
39.0,164.0,60.0,66.0,7.6,2.46,0.0,1.0,0.0
40.0,183.0,87.0,72.2,8.9,3.59,0.0,0.0,1.0
19.0,185.0,51.0,55.9,9.2,1.93,1.0,0.0,1.0
44.0,155.0,95.0,78.8,7.3,3.23,0.0,0.0,0.0
59.0,188.0,117.0,47.9,7.4,4.15,0.0,0.0,1.0
19.0,191.0,76.0,68.9,8.4,4.47,0.0,1.0,1.0
43.0,161.0,119.0,71.4,8.1,1.42,0.0,1.0,0.0
34.0,152.0,52.0,70.7,6.8,2.43,0.0,1.0,0.0
57.0,194.0,116.0,71.9,8.5,3.56,0.0,0.0,1.0
50.0,167.0,89.0,79.5,7.3,1.14,1.0,1.0,0.0
26.0,189.0,103.0,85.9,7.3,3.76,0.0,0.0,1.0
60.0,170.0,48.0,68.1,8.2,3.11,1.0,0.0,0.0
71.0,164.0,111.0,58.4,7.0,2.15,1.0,0.0,0.0
65.0,182.0,73.0,76.7,7.6,4.26,1.0,1.0,1.0
56.0,184.0,73.0,66.6,7.9,2.16,1.0,1.0,0.0
46.0,175.0,72.0,85.2,8.7,4.97,1.0,1.0,0.0
59.0,157.0,88.0,62.8,8.6,4.27,0.0,1.0,1.0
72.0,185.0,48.0,59.7,7.9,3.83,0.0,0.0,1.0
43.0,197.0,53.0,71.7,4.0,1.25,0.0,1.0,0.0
52.0,179.0,49.0,49.1,8.4,4.62,0.0,0.0,1.0
67.0,172.0,100.0,64.4,8.1,4.16,1.0,0.0,0.0
42.0,191.0,94.0,66.0,8.4,1.92,1.0,0.0,0.0
41.0,193.0,119.0,72.6,6.1,2.57,1.0,0.0,0.0
30.0,163.0,59.0,58.0,4.3,2.07,1.0,0.0,0.0
77.0,163.0,76.0,59.4,8.7,4.94,1.0,0.0,1.0
75.0,151.0,72.0,83.9,5.7,4.42,1.0,0.0,1.0
24.0,186.0,66.0,69.8,9.3,4.72,1.0,1.0,1.0
74.0,154.0,61.0,80.4,6.6,4.16,0.0,1.0,0.0
53.0,187.0,103.0,63.5,6.0,2.83,0.0,0.0,1.0
62.0,194.0,115.0,69.3,8.0,1.82,0.0,1.0,0.0
37.0,190.0,101.0,72.6,8.4,1.83,0.0,1.0,1.0
18.0,196.0,70.0,91.0,8.3,1.61,1.0,1.0,0.0
25.0,163.0,69.0,67.4,8.3,3.19,0.0,1.0,1.0
63.0,188.0,54.0,68.0,6.4,4.68,0.0,0.0,1.0
33.0,174.0,89.0,83.2,5.2,4.97,1.0,1.0,1.0
31.0,169.0,55.0,65.4,6.9,2.15,1.0,0.0,0.0
29.0,151.0,97.0,73.4,5.8,3.79,0.0,0.0,1.0
68.0,188.0,116.0,82.1,8.1,3.39,0.0,1.0,0.0
40.0,155.0,112.0,63.1,8.8,2.96,1.0,1.0,0.0
32.0,166.0,72.0,74.1,7.8,3.66,0.0,0.0,1.0
45.0,174.0,119.0,90.9,7.5,2.49,1.0,0.0,0.0
51.0,177.0,109.0,81.1,6.62,4.78,1.0,1.0,0.0
19.0,151.0,93.0,73.4,9.0,3.82,0.0,1.0,1.0
49.0,184.0,91.0,67.3,4.8,4.02,0.0,0.0,1.0
40.0,186.0,96.0,62.7,7.5200000000000005,1.97,1.0,1.0,1.0
39.0,154.0,98.0,58.1,10.2,1.67,1.0,0.0,0.0
68.0,150.0,104.0,88.1,5.6,2.58,1.0,0.0,0.0
42.0,189.0,101.0,85.8,8.3,4.07,1.0,0.0,1.0
75.0,161.0,91.0,62.1,8.6,4.76,1.0,0.0,1.0
79.0,185.0,75.0,74.1,4.6,2.71,0.0,1.0,0.0
78.0,194.0,90.0,71.3,4.9,4.1,1.0,0.0,0.0
39.0,172.0,70.0,84.2,9.4,2.88,0.0,0.0,1.0
75.0,196.0,49.0,74.6,6.0,2.18,0.0,1.0,0.0
75.0,180.0,96.0,69.7,6.1,3.96,1.0,1.0,0.0
39.0,160.0,119.0,63.5,6.7,4.19,1.0,0.0,0.0
66.0,159.0,98.0,74.1,6.0,1.81,0.0,1.0,0.0
69.0,152.0,77.0,65.8,8.3,2.22,0.0,1.0,0.0
59.0,163.0,94.0,72.6,7.459999999999999,2.98,1.0,0.0,0.0
23.0,165.0,82.0,69.1,4.6,1.75,1.0,1.0,0.0
32.0,159.0,71.0,65.5,9.2,4.72,1.0,1.0,1.0
71.0,178.0,59.0,58.3,5.8,3.37,0.0,1.0,1.0
60.0,159.0,105.0,76.2,6.4,1.48,1.0,1.0,0.0
77.0,161.0,65.0,70.5,8.7,1.74,0.0,1.0,0.0
54.0,179.0,90.0,91.4,7.959999999999999,4.82,1.0,0.0,0.0
50.0,190.0,113.0,57.6,9.2,3.95,1.0,1.0,1.0
25.0,150.0,50.0,77.5,8.8,3.94,1.0,0.0,1.0
70.0,154.0,82.0,69.0,6.8,1.29,0.0,0.0,0.0
77.0,169.0,106.0,95.2,9.0,4.58,1.0,1.0,0.0
61.0,157.0,106.0,76.6,7.8,2.77,0.0,1.0,0.0
61.0,192.0,35.0,73.9,6.6,3.64,1.0,1.0,0.0
22.0,161.0,90.0,69.0,7.9,4.84,1.0,1.0,0.0
56.0,150.0,57.0,61.6,5.5,1.4,0.0,1.0,0.0
21.0,169.0,47.0,73.7,8.8,2.93,1.0,1.0,0.0
23.0,177.0,50.0,53.4,8.6,1.2,1.0,1.0,0.0
62.0,192.0,52.0,54.0,7.7,3.0,0.0,1.0,1.0
49.0,186.0,88.0,82.1,4.6,2.01,1.0,1.0,0.0
69.0,196.0,77.0,48.9,9.2,4.64,0.0,1.0,1.0
47.0,186.0,119.0,66.2,8.2,2.59,0.0,1.0,0.0
64.0,161.0,94.0,57.4,7.5,3.54,0.0,1.0,0.0
52.0,186.0,55.0,65.2,7.2,4.44,1.0,0.0,1.0
72.0,198.0,72.0,72.2,6.7,4.93,0.0,1.0,1.0
57.0,198.0,114.0,81.8,7.0,3.02,1.0,0.0,0.0
69.0,193.0,85.0,84.6,8.7,2.82,1.0,0.0,1.0
33.0,177.0,60.0,59.0,6.7,1.3,0.0,1.0,0.0
30.0,196.0,112.0,64.4,7.1,1.05,1.0,0.0,0.0
67.0,164.0,92.0,118.6,7.3,3.44,0.0,1.0,1.0
77.0,155.0,100.0,67.0,7.3,1.26,0.0,1.0,0.0
59.0,193.0,108.0,59.4,6.6,2.52,0.0,0.0,1.0
47.0,169.0,103.0,61.4,7.2,1.01,1.0,1.0,0.0
36.0,199.0,106.0,67.1,8.0,3.46,0.0,0.0,1.0
34.0,163.0,55.0,65.3,6.1,2.7,1.0,0.0,0.0
73.0,151.0,62.0,67.2,7.3,1.51,0.0,1.0,0.0
36.0,158.0,63.0,69.7,10.4,2.19,0.0,0.0,1.0
45.0,186.0,99.0,69.7,7.4,3.28,1.0,0.0,0.0
75.0,169.0,70.0,58.5,8.059999999999999,3.63,1.0,1.0,0.0
72.0,175.0,50.0,74.4,5.9,2.85,1.0,0.0,1.0
43.0,178.0,48.0,71.5,7.739999999999999,4.22,1.0,1.0,1.0
54.0,150.0,73.0,76.0,9.9,1.45,0.0,1.0,0.0
43.0,184.0,103.0,49.4,9.0,1.34,0.0,1.0,0.0
70.0,155.0,61.0,71.9,5.6,1.18,1.0,1.0,0.0
79.0,186.0,87.0,46.2,7.8,3.14,0.0,0.0,1.0
40.0,154.0,110.0,67.9,9.3,3.82,1.0,1.0,0.0
26.0,182.0,78.0,77.9,7.4,1.52,0.0,0.0,0.0
29.0,198.0,52.0,82.5,6.8,3.56,1.0,0.0,0.0
70.0,163.0,57.0,74.0,10.9,2.91,1.0,1.0,0.0
18.0,161.0,52.0,78.1,4.6,4.95,0.0,1.0,1.0
75.0,191.0,109.0,66.4,11.4,3.87,0.0,1.0,0.0
75.0,169.0,87.0,63.9,7.6,3.63,1.0,0.0,0.0
18.0,199.0,83.0,102.3,9.4,3.28,0.0,1.0,1.0
64.0,173.0,103.0,79.9,5.7,4.99,0.0,0.0,1.0
51.0,192.0,88.0,55.9,6.4,4.92,1.0,1.0,1.0
49.0,183.0,53.0,49.2,5.9,3.15,1.0,1.0,0.0
79.0,174.0,81.0,64.4,7.3,2.82,0.0,0.0,1.0
71.0,199.0,118.0,84.3,8.0,2.85,0.0,0.0,1.0
65.0,178.0,80.0,70.6,7.74,2.71,0.0,1.0,1.0
42.0,188.0,72.0,45.0,4.9,3.13,0.0,1.0,0.0
57.0,180.0,86.0,67.9,7.7,2.09,1.0,1.0,0.0
62.0,196.0,87.0,70.0,8.8,4.71,1.0,0.0,1.0
70.0,192.0,86.0,45.0,9.1,2.96,1.0,1.0,0.0
18.0,199.0,110.0,70.3,6.8,4.37,0.0,1.0,1.0
33.0,172.0,99.0,57.8,6.9,2.9,0.0,0.0,1.0
78.0,193.0,116.0,48.0,7.4,3.87,0.0,1.0,1.0
56.0,187.0,92.0,89.3,7.8,2.35,0.0,0.0,0.0
22.0,169.0,66.0,57.3,9.5,3.5,0.0,0.0,1.0
39.0,172.0,71.0,62.0,5.7,2.99,0.0,1.0,1.0
46.0,194.0,111.0,61.8,6.3,2.47,1.0,1.0,0.0
72.0,165.0,57.0,70.0,5.5,4.53,0.0,0.0,0.0
20.0,199.0,89.0,91.2,8.1,1.45,0.0,0.0,0.0
29.0,191.0,54.0,55.6,9.2,2.95,0.0,1.0,1.0
43.0,157.0,53.0,66.3,5.4,1.78,1.0,0.0,0.0
33.0,199.0,98.0,71.5,7.6,4.44,1.0,0.0,1.0
68.0,170.0,35.0,59.6,9.0,2.01,0.0,1.0,0.0
54.0,150.0,78.0,66.1,8.7,3.53,0.0,0.0,1.0
39.0,157.0,45.0,77.1,8.7,1.66,0.0,0.0,1.0
74.0,178.0,76.0,60.9,5.7,2.62,0.0,0.0,0.0
46.0,181.0,115.0,65.9,8.7,4.6,0.0,0.0,1.0
31.0,187.0,111.0,64.8,7.2,1.66,0.0,0.0,0.0
45.0,154.0,64.0,68.8,9.1,3.65,0.0,0.0,1.0
22.0,196.0,79.0,72.9,8.2,1.82,0.0,1.0,0.0
64.0,171.0,35.0,77.0,6.3,2.66,0.0,1.0,0.0
66.0,196.0,62.0,93.3,7.9,3.16,1.0,1.0,0.0
47.0,183.0,89.0,45.0,8.7,3.31,0.0,1.0,0.0
63.0,150.0,97.0,68.0,6.7,3.41,1.0,0.0,0.0
79.0,175.0,112.0,53.6,7.7,3.56,0.0,1.0,0.0
69.0,192.0,109.0,65.4,5.5,2.09,1.0,0.0,0.0
22.0,159.0,45.0,80.6,8.3,2.61,0.0,1.0,1.0
29.0,179.0,102.0,84.4,7.4,1.15,1.0,0.0,0.0
33.0,199.0,70.0,84.9,8.9,4.08,0.0,1.0,1.0
43.0,167.0,64.0,84.8,8.3,4.35,0.0,0.0,1.0
43.0,166.0,54.0,67.9,6.9,1.8,0.0,1.0,1.0
65.0,175.0,103.0,86.8,6.2,1.81,0.0,1.0,0.0
38.0,157.0,119.0,89.2,5.9,1.17,0.0,1.0,0.0
56.0,196.0,85.0,71.7,6.7,4.88,1.0,1.0,1.0
53.0,189.0,49.0,84.1,8.8,4.23,0.0,1.0,0.0
50.0,198.0,109.0,70.5,4.9,2.44,1.0,0.0,0.0
79.0,161.0,61.0,86.9,5.9,2.93,0.0,1.0,0.0
47.0,176.0,66.0,68.1,8.8,2.17,0.0,0.0,1.0
54.0,157.0,85.0,62.7,9.5,3.39,0.0,1.0,0.0
40.0,174.0,112.0,56.6,6.0,3.87,0.0,1.0,0.0
75.0,195.0,113.0,67.9,5.9,2.79,0.0,1.0,0.0
27.0,153.0,55.0,71.0,9.6,4.49,0.0,0.0,0.0
71.0,182.0,100.0,58.6,7.3,3.07,1.0,1.0,0.0
22.0,150.0,95.0,67.0,6.2,1.58,1.0,1.0,0.0
53.0,168.0,65.0,63.7,9.1,3.49,0.0,0.0,1.0
51.0,180.0,70.0,57.1,8.3,2.85,1.0,0.0,1.0
69.0,165.0,63.0,82.4,8.6,4.74,0.0,0.0,1.0
48.0,163.0,104.0,84.5,6.2,2.57,1.0,0.0,0.0
27.0,197.0,115.0,82.4,8.1,2.61,0.0,1.0,1.0
75.0,154.0,91.0,69.0,9.4,3.6,0.0,0.0,1.0
36.0,190.0,115.0,69.7,8.5,3.11,0.0,0.0,1.0
75.0,175.0,250.0,57.2,8.9,2.5,0.0,1.0,0.0
49.0,177.0,84.0,75.0,9.6,4.96,1.0,0.0,0.0
18.0,151.0,49.0,72.0,8.1,2.21,1.0,0.0,0.0
73.0,199.0,65.0,104.1,6.7,2.11,1.0,0.0,0.0
22.0,155.0,48.0,83.0,8.8,4.46,0.0,1.0,1.0
62.0,158.0,67.0,73.8,5.8,1.01,0.0,0.0,0.0
21.0,182.0,59.0,69.5,7.2,1.81,1.0,0.0,0.0
33.0,190.0,52.0,82.0,8.4,3.36,1.0,0.0,0.0
41.0,174.0,85.0,59.0,4.0,1.65,0.0,1.0,1.0
33.0,197.0,63.0,83.7,7.9,4.94,0.0,1.0,1.0
72.0,162.0,90.0,57.0,7.9,2.86,1.0,0.0,0.0
19.0,158.0,72.0,63.3,5.8,3.39,0.0,1.0,0.0
66.0,162.0,112.0,47.9,8.0,1.64,0.0,0.0,0.0
45.0,180.0,59.0,77.4,7.8,2.16,0.0,1.0,0.0
49.0,190.0,81.0,73.0,7.6,3.46,0.0,1.0,1.0
44.0,160.0,45.0,63.3,9.3,3.2,0.0,0.0,0.0
37.0,153.0,111.0,58.9,8.8,4.14,0.0,0.0,1.0
41.0,183.0,68.0,86.5,9.379999999999999,2.08,0.0,0.0,1.0
29.0,187.0,71.0,68.4,6.0,3.61,0.0,1.0,1.0
67.0,195.0,84.0,60.8,7.5,2.16,1.0,0.0,0.0
52.0,153.0,107.0,93.1,9.3,3.35,1.0,1.0,0.0
77.0,187.0,105.0,62.1,7.2,3.42,0.0,1.0,0.0
50.0,168.0,80.0,83.7,9.8,1.49,1.0,0.0,0.0
50.0,155.0,68.0,56.2,8.5,3.19,1.0,1.0,0.0
78.0,183.0,68.0,65.7,10.1,1.05,1.0,1.0,0.0
68.0,167.0,48.0,76.0,5.9,3.0,0.0,0.0,1.0
60.0,162.0,111.0,69.3,7.3,3.79,1.0,1.0,0.0
54.0,190.0,78.0,72.9,7.4,1.29,1.0,1.0,0.0
29.0,172.0,101.0,63.5,8.4,4.75,0.0,0.0,1.0
20.0,168.0,93.0,50.8,6.4,2.84,0.0,0.0,1.0
18.0,194.0,97.0,87.6,5.1,4.75,0.0,0.0,1.0
50.0,160.0,67.0,64.3,8.1,1.43,1.0,1.0,1.0
57.0,150.0,113.0,73.5,7.0,4.8,1.0,1.0,0.0
27.0,173.0,97.0,78.4,6.8,1.44,0.0,1.0,0.0
60.0,156.0,106.0,73.7,6.5,2.85,0.0,0.0,0.0
61.0,174.0,85.0,61.5,7.7,4.75,1.0,1.0,1.0
46.0,170.0,101.0,83.9,5.9,1.93,1.0,1.0,0.0
30.0,164.0,104.0,76.2,7.2,1.14,0.0,1.0,1.0
29.0,150.0,98.0,72.4,6.3,4.17,0.0,0.0,1.0
48.0,161.0,114.0,72.1,6.6,3.38,0.0,0.0,0.0
63.0,156.0,101.0,90.2,8.0,3.06,1.0,0.0,0.0
19.0,164.0,200.0,61.2,8.5,1.14,1.0,1.0,1.0
78.0,170.0,84.0,75.0,7.0,3.61,1.0,1.0,0.0
68.0,168.0,51.0,63.7,9.0,1.69,0.0,0.0,1.0
67.0,178.0,82.0,46.8,6.0,4.72,0.0,0.0,1.0
52.0,174.0,105.0,46.4,5.2,3.74,0.0,1.0,1.0
40.0,182.0,47.0,57.8,5.5,3.83,0.0,0.0,0.0
34.0,198.0,95.0,62.1,5.9,1.93,0.0,1.0,0.0
43.0,181.0,91.0,96.1,7.860000000000001,4.52,1.0,0.0,1.0
25.0,198.0,112.0,78.4,10.5,3.15,0.0,0.0,1.0
46.0,184.0,82.0,79.5,5.2,4.43,0.0,0.0,1.0
43.0,193.0,80.0,62.4,8.9,2.08,1.0,1.0,0.0
27.0,187.0,85.0,70.7,7.5,4.02,1.0,0.0,1.0
43.0,175.0,113.0,97.7,7.8,3.3,0.0,1.0,0.0
79.0,160.0,57.0,55.4,6.1,1.19,1.0,0.0,0.0
51.0,184.0,102.0,75.5,8.0,2.62,1.0,0.0,0.0
68.0,157.0,94.0,89.3,6.1,1.74,1.0,1.0,1.0
58.0,195.0,74.0,81.6,8.9,2.44,0.0,1.0,1.0
24.0,163.0,106.0,91.6,9.0,2.53,0.0,0.0,0.0
21.0,159.0,69.0,72.6,7.3,2.9,1.0,1.0,0.0
75.0,151.0,71.0,77.2,7.4,3.4,0.0,0.0,0.0
70.0,195.0,95.0,71.3,8.1,3.28,1.0,1.0,0.0
67.0,158.0,101.0,76.4,8.1,1.16,1.0,1.0,0.0
62.0,152.0,91.0,59.0,9.0,4.0,0.0,0.0,1.0
28.0,170.0,83.0,79.5,9.0,4.8,0.0,0.0,1.0
46.0,175.0,60.0,73.5,8.42,2.39,0.0,1.0,1.0
73.0,157.0,66.0,70.8,6.8,1.72,0.0,1.0,0.0
53.0,197.0,98.0,91.0,8.7,3.16,0.0,0.0,1.0
42.0,151.0,65.0,66.8,8.4,3.82,1.0,1.0,0.0
38.0,155.0,116.0,84.5,7.7,3.72,1.0,1.0,1.0
78.0,177.0,60.0,85.7,8.3,3.45,1.0,1.0,0.0
74.0,178.0,103.0,80.3,9.0,1.58,1.0,1.0,0.0
53.0,175.0,75.0,58.4,7.9,4.35,1.0,0.0,0.0
27.0,174.0,86.0,74.3,6.6,2.7,1.0,0.0,1.0
54.0,161.0,118.0,93.5,10.2,1.89,0.0,1.0,0.0
26.0,154.0,76.0,48.2,9.8,1.35,1.0,1.0,0.0
41.0,183.0,103.0,67.7,6.0,2.67,1.0,0.0,0.0
52.0,197.0,78.0,83.9,6.1,3.47,0.0,1.0,1.0
66.0,186.0,53.0,68.6,6.3,3.66,0.0,1.0,0.0
52.0,164.0,55.0,79.7,8.8,4.85,1.0,1.0,1.0
65.0,193.0,54.0,86.9,10.3,1.61,1.0,1.0,0.0
53.0,185.0,61.0,72.8,6.7,4.94,1.0,1.0,0.0
35.0,164.0,112.0,76.1,7.8,3.62,0.0,0.0,0.0
66.0,192.0,92.0,71.1,6.4,2.82,0.0,1.0,1.0
56.0,197.0,96.0,73.6,10.1,4.55,1.0,1.0,0.0
49.0,172.0,69.0,95.2,8.7,3.78,1.0,1.0,0.0
41.0,155.0,65.0,69.2,6.3,2.39,0.0,0.0,0.0
40.0,195.0,109.0,65.8,4.3,4.54,0.0,1.0,1.0
79.0,199.0,107.0,82.5,9.1,3.67,0.0,1.0,1.0
49.0,193.0,95.0,59.9,6.6,3.8,1.0,0.0,0.0
54.0,192.0,80.0,62.6,8.8,4.59,1.0,0.0,1.0
29.0,194.0,110.0,62.7,7.9,2.79,0.0,0.0,1.0
66.0,170.0,59.0,66.9,4.7,3.63,1.0,0.0,0.0
72.0,172.0,200.0,67.5,6.3,3.98,0.0,1.0,0.0
30.0,192.0,114.0,78.4,7.0,2.82,0.0,1.0,1.0
40.0,165.0,45.0,65.9,6.5,1.33,1.0,1.0,0.0
42.0,196.0,67.0,78.9,7.220000000000001,4.09,0.0,0.0,1.0
52.0,164.0,83.0,80.4,8.1,1.19,1.0,1.0,0.0
58.0,174.0,101.0,62.2,10.2,3.87,0.0,0.0,1.0
47.0,185.0,78.0,80.1,8.2,4.64,1.0,0.0,1.0
34.0,160.0,85.0,81.2,9.7,2.39,0.0,1.0,1.0
66.0,164.0,117.0,48.9,8.860000000000001,1.41,0.0,0.0,0.0
79.0,153.0,57.0,73.5,9.2,1.93,0.0,0.0,0.0
37.0,170.0,114.0,63.9,6.9,3.25,0.0,1.0,0.0
65.0,162.0,50.0,85.6,6.1,4.77,0.0,1.0,0.0
42.0,171.0,96.0,63.8,6.1,3.05,0.0,0.0,1.0
39.0,168.0,47.0,53.9,4.0,1.45,1.0,1.0,0.0
30.0,183.0,107.0,69.6,8.8,3.51,1.0,1.0,0.0
76.0,163.0,93.0,59.2,5.6,3.93,0.0,0.0,0.0
36.0,153.0,91.0,80.2,9.6,2.57,0.0,0.0,1.0
66.0,197.0,99.0,60.3,7.2,3.89,1.0,1.0,1.0
53.0,195.0,108.0,69.8,5.2,2.3,0.0,1.0,0.0
29.0,176.0,109.0,88.5,5.8,4.16,1.0,0.0,1.0
78.0,178.0,111.0,83.2,7.8,2.36,0.0,1.0,0.0
58.0,196.0,59.0,75.7,4.7,2.02,0.0,0.0,0.0
36.0,177.0,76.0,68.5,8.4,4.52,1.0,0.0,1.0
29.0,184.0,112.0,74.6,5.2,3.19,1.0,1.0,1.0
26.0,157.0,62.0,78.3,6.4,2.14,0.0,1.0,0.0
24.0,165.0,87.0,58.2,7.8,4.74,0.0,1.0,1.0
45.0,191.0,79.0,80.2,8.2,3.76,1.0,1.0,0.0
31.0,185.0,102.0,56.8,8.7,1.88,1.0,1.0,0.0
48.0,179.0,77.0,76.9,5.5,3.46,0.0,0.0,1.0
69.0,167.0,58.0,56.7,7.0,4.48,1.0,1.0,0.0
36.0,151.0,78.0,93.6,9.1,3.78,1.0,0.0,1.0
75.0,198.0,105.0,79.2,8.219999999999999,1.98,0.0,1.0,0.0
64.0,162.0,48.0,51.3,7.9,3.6,1.0,0.0,0.0
33.0,153.0,103.0,70.0,7.7,3.48,0.0,1.0,0.0
70.0,175.0,73.0,63.7,9.5,4.28,1.0,1.0,0.0
22.0,174.0,50.0,62.3,6.8,1.71,0.0,0.0,1.0
52.0,179.0,93.0,71.8,5.4,3.8,1.0,1.0,0.0
29.0,160.0,84.0,58.9,6.0,1.11,0.0,1.0,0.0
42.0,156.0,109.0,79.1,7.8,3.78,0.0,0.0,1.0
69.0,180.0,113.0,78.5,5.1,4.84,0.0,0.0,0.0
76.0,193.0,71.0,74.2,6.7,1.7,1.0,0.0,0.0
38.0,159.0,50.0,69.8,7.6,2.25,0.0,1.0,0.0
53.0,188.0,57.0,77.9,6.4,3.33,0.0,0.0,0.0
70.0,162.0,108.0,79.5,8.0,3.93,0.0,0.0,0.0
40.0,180.0,106.0,75.5,8.6,2.38,1.0,1.0,0.0
33.0,156.0,63.0,54.3,8.2,3.66,0.0,1.0,1.0
74.0,198.0,87.0,60.5,5.2,4.6,0.0,1.0,1.0
56.0,191.0,118.0,66.8,7.6,3.91,0.0,1.0,0.0
62.0,191.0,64.0,52.3,7.7,3.84,1.0,1.0,0.0
70.0,185.0,112.0,72.7,6.9,2.53,0.0,1.0,0.0
59.0,169.0,88.0,86.9,8.0,4.65,1.0,0.0,0.0
75.0,153.0,67.0,85.0,7.9,2.11,0.0,0.0,1.0
56.0,156.0,46.0,78.9,7.4,1.82,0.0,1.0,0.0
31.0,150.0,66.0,78.7,6.0,2.46,1.0,0.0,0.0
48.0,193.0,101.0,96.6,7.5,3.6,0.0,0.0,1.0
75.0,194.0,116.0,80.1,10.3,4.45,1.0,0.0,1.0
22.0,191.0,51.0,81.1,6.9,1.53,1.0,0.0,0.0
52.0,196.0,100.0,52.7,9.1,4.26,1.0,1.0,0.0
40.0,162.0,111.0,86.0,7.6,4.25,1.0,1.0,0.0
46.0,171.0,60.0,74.8,8.02,3.35,1.0,0.0,0.0
60.0,170.0,95.0,69.0,7.1,4.04,1.0,1.0,0.0
28.0,171.0,116.0,66.1,7.5,1.73,1.0,0.0,0.0
35.0,177.0,56.0,63.4,8.5,1.68,0.0,0.0,1.0
64.0,158.0,97.0,85.1,11.1,4.45,0.0,1.0,0.0
29.0,175.0,119.0,69.7,7.6,2.99,0.0,0.0,1.0
26.0,158.0,49.0,63.9,5.7,1.98,0.0,1.0,0.0
27.0,164.0,71.0,60.7,5.0,3.75,1.0,1.0,1.0
75.0,159.0,56.0,72.0,6.9,4.57,1.0,1.0,0.0
61.0,173.0,61.0,65.7,5.8,3.53,0.0,1.0,0.0
34.0,191.0,50.0,62.9,8.3,2.39,0.0,1.0,0.0
78.0,157.0,49.0,53.4,8.3,2.93,0.0,1.0,0.0
55.0,173.0,101.0,81.5,7.3,4.01,1.0,1.0,0.0
24.0,165.0,72.0,68.3,8.5,1.27,0.0,1.0,0.0
63.0,198.0,113.0,57.0,7.6,1.87,1.0,1.0,0.0
30.0,175.0,103.0,66.7,10.3,2.85,0.0,0.0,1.0
57.0,176.0,77.0,76.6,8.4,3.42,0.0,1.0,1.0
59.0,186.0,106.0,70.3,8.8,2.36,1.0,0.0,0.0
26.0,153.0,94.0,72.3,5.3,2.19,1.0,1.0,0.0
67.0,199.0,63.0,70.5,5.7,1.17,1.0,0.0,1.0
44.0,173.0,113.0,54.7,6.959999999999999,1.13,0.0,1.0,0.0
75.0,168.0,110.0,81.4,5.2,2.11,1.0,1.0,0.0
19.0,185.0,91.0,49.5,6.6,3.12,1.0,1.0,1.0
22.0,188.0,83.0,75.5,9.3,3.23,1.0,0.0,1.0
46.0,159.0,112.0,77.4,6.5,2.98,1.0,0.0,0.0
54.0,174.0,77.0,67.4,5.7,2.64,1.0,1.0,0.0
55.0,167.0,57.0,74.2,8.5,2.01,1.0,0.0,0.0
36.0,168.0,98.0,66.7,6.56,2.6,1.0,1.0,0.0
25.0,185.0,51.0,74.4,6.3,1.56,1.0,0.0,0.0
65.0,159.0,58.0,81.9,9.3,1.46,0.0,0.0,1.0
62.0,182.0,63.0,60.5,6.1,2.2,0.0,0.0,0.0
18.0,199.0,98.0,78.1,7.839999999999999,4.98,0.0,1.0,1.0
39.0,154.0,64.0,90.3,7.4,2.31,1.0,0.0,1.0
69.0,196.0,73.0,73.2,6.3,4.75,1.0,0.0,0.0
34.0,198.0,68.0,64.0,8.8,2.57,1.0,1.0,0.0
24.0,184.0,107.0,97.2,5.2,2.76,0.0,1.0,1.0
42.0,193.0,118.0,71.1,7.8,4.19,0.0,0.0,1.0
62.0,183.0,101.0,72.8,9.1,1.37,0.0,0.0,0.0
21.0,182.0,52.0,73.0,8.7,1.73,1.0,1.0,0.0
53.0,170.0,106.0,75.4,8.2,4.9,0.0,1.0,1.0
23.0,166.0,73.0,65.9,9.9,3.02,1.0,1.0,0.0
77.0,171.0,118.0,72.3,7.2,1.18,1.0,1.0,0.0
48.0,197.0,61.0,81.4,5.2,1.19,0.0,1.0,0.0
36.0,186.0,110.0,65.5,7.7,4.63,1.0,0.0,0.0
78.0,164.0,50.0,65.0,7.3,4.49,0.0,1.0,0.0
61.0,184.0,102.0,66.5,4.3,2.83,1.0,1.0,0.0
71.0,177.0,113.0,56.8,5.8,1.65,0.0,0.0,0.0
56.0,156.0,72.0,61.8,5.6,4.32,0.0,1.0,1.0
44.0,181.0,106.0,61.3,6.3,2.3,0.0,1.0,1.0
27.0,160.0,85.0,70.0,7.0,2.68,1.0,1.0,0.0
43.0,159.0,113.0,80.0,7.0,3.73,0.0,0.0,1.0
36.0,158.0,85.0,87.4,6.3,2.41,0.0,1.0,1.0
56.0,163.0,93.0,70.7,5.6,3.51,1.0,1.0,1.0
79.0,162.0,93.0,75.5,8.1,4.54,0.0,1.0,0.0
20.0,174.0,115.0,72.9,7.7,4.19,0.0,1.0,1.0
62.0,151.0,47.0,45.0,7.7,2.53,1.0,0.0,0.0
30.0,184.0,54.0,56.2,10.2,2.15,0.0,0.0,1.0
67.0,156.0,79.0,79.1,7.7,2.14,0.0,1.0,0.0
45.0,170.0,46.0,80.3,7.0,2.39,0.0,1.0,0.0
79.0,167.0,68.0,80.0,7.3,2.97,0.0,1.0,0.0
75.0,152.0,118.0,67.9,7.6,2.67,0.0,1.0,0.0
37.0,191.0,82.0,46.1,8.4,1.53,1.0,1.0,0.0
45.0,188.0,66.0,57.7,7.4,1.65,1.0,1.0,0.0
25.0,190.0,70.0,59.5,6.9,2.37,1.0,1.0,0.0
78.0,198.0,87.0,77.5,6.8,3.25,0.0,0.0,1.0
58.0,160.0,99.0,65.7,7.5,3.37,0.0,1.0,0.0
56.0,188.0,83.0,90.3,7.18,2.94,1.0,0.0,1.0
18.0,173.0,73.0,87.6,7.92,3.96,0.0,0.0,1.0
20.0,195.0,64.0,90.1,5.0,3.95,0.0,1.0,0.0
30.0,168.0,85.0,59.0,7.6,2.71,0.0,0.0,1.0
45.0,153.0,98.0,75.9,8.8,1.5,0.0,0.0,0.0
79.0,175.0,64.0,64.3,6.9,3.12,1.0,0.0,0.0
74.0,187.0,63.0,73.9,11.1,2.53,0.0,1.0,0.0
77.0,191.0,110.0,60.3,10.7,1.55,1.0,0.0,0.0
66.0,181.0,74.0,84.7,7.4,4.93,0.0,0.0,1.0
42.0,188.0,97.0,60.6,7.8,2.48,0.0,1.0,0.0
73.0,194.0,78.0,46.6,9.6,3.5,0.0,1.0,1.0
50.0,195.0,66.0,94.4,7.4,2.96,0.0,0.0,0.0
55.0,185.0,111.0,75.3,6.3,1.57,1.0,1.0,0.0
70.0,189.0,50.0,57.2,8.8,1.22,0.0,1.0,0.0
23.0,186.0,71.0,68.1,8.2,3.5,1.0,0.0,1.0
75.0,182.0,54.0,63.1,6.3,1.99,1.0,0.0,0.0
61.0,185.0,117.0,70.1,7.9,1.97,0.0,0.0,0.0
62.0,152.0,92.0,79.6,7.3,4.83,0.0,1.0,1.0
49.0,158.0,114.0,77.7,6.9,2.85,1.0,0.0,0.0
62.0,157.0,103.0,73.0,6.3,1.12,1.0,0.0,0.0
78.0,182.0,103.0,70.1,7.7,2.36,0.0,1.0,1.0
64.0,155.0,46.0,82.9,7.1,3.34,0.0,1.0,1.0
38.0,190.0,73.0,46.9,7.9,2.31,0.0,1.0,0.0
33.0,188.0,112.0,61.0,8.7,1.11,1.0,1.0,1.0
71.0,153.0,109.0,58.3,7.8,2.78,0.0,0.0,0.0
38.0,162.0,70.0,82.1,7.9,1.42,1.0,0.0,0.0
28.0,198.0,54.0,61.1,6.7,3.48,0.0,0.0,1.0
77.0,151.0,97.0,54.6,9.3,3.48,1.0,1.0,0.0
54.0,154.0,103.0,76.6,6.2,1.15,0.0,0.0,0.0
53.0,193.0,66.0,59.1,7.779999999999999,2.16,0.0,1.0,0.0
52.0,176.0,95.0,65.8,5.9,2.65,1.0,1.0,0.0
36.0,181.0,92.0,98.6,9.1,3.2,1.0,1.0,1.0
37.0,170.0,65.0,79.4,8.2,2.18,1.0,0.0,1.0
74.0,157.0,66.0,67.5,9.5,2.15,1.0,1.0,0.0
35.0,187.0,74.0,68.5,5.5,4.93,0.0,0.0,1.0
64.0,157.0,69.0,80.9,11.0,1.17,1.0,0.0,0.0
58.0,199.0,72.0,78.0,7.280000000000001,4.96,0.0,0.0,1.0
66.0,152.0,109.0,70.9,4.9,1.19,1.0,1.0,0.0
31.0,193.0,89.0,71.2,10.8,2.15,0.0,0.0,0.0
32.0,152.0,112.0,52.2,5.5,2.97,0.0,0.0,1.0
48.0,171.0,200.0,49.7,6.9,1.57,1.0,1.0,0.0
18.0,155.0,93.0,67.9,7.2,1.54,0.0,0.0,0.0
70.0,151.0,53.0,62.4,8.2,2.03,0.0,1.0,0.0
71.0,172.0,80.0,77.0,6.3,4.89,1.0,0.0,0.0
71.0,193.0,45.0,72.4,9.1,2.52,0.0,1.0,0.0
20.0,151.0,250.0,60.7,8.6,3.26,0.0,1.0,1.0
33.0,187.0,80.0,72.0,7.5,3.82,0.0,1.0,1.0
40.0,166.0,117.0,65.0,9.5,3.97,1.0,1.0,0.0
74.0,184.0,90.0,94.8,7.4,3.75,0.0,1.0,1.0
28.0,183.0,76.0,74.6,7.1,2.35,1.0,0.0,1.0
29.0,172.0,76.0,51.3,10.5,1.45,1.0,0.0,1.0
27.0,179.0,50.0,91.8,7.9,2.13,0.0,0.0,0.0
49.0,157.0,92.0,62.4,6.0,1.84,1.0,0.0,0.0
33.0,171.0,82.0,58.3,6.840000000000001,1.55,0.0,1.0,0.0
25.0,193.0,61.0,95.7,7.5,1.1,1.0,1.0,0.0
55.0,185.0,118.0,74.2,4.0,4.74,1.0,0.0,0.0
29.0,154.0,71.0,78.4,6.6,4.68,1.0,1.0,1.0
41.0,162.0,98.0,78.8,7.3,1.2,0.0,0.0,0.0
45.0,178.0,94.0,67.5,7.2,1.69,1.0,1.0,0.0
70.0,180.0,79.0,63.1,8.5,1.56,0.0,1.0,1.0
25.0,196.0,69.0,65.1,6.8,2.12,1.0,0.0,0.0
75.0,165.0,72.0,89.3,9.3,1.82,1.0,0.0,1.0
45.0,191.0,59.0,72.4,9.0,4.78,1.0,1.0,0.0
53.0,179.0,48.0,85.8,7.6,1.34,1.0,0.0,0.0
43.0,165.0,117.0,69.1,7.4,1.85,1.0,0.0,0.0
25.0,161.0,71.0,60.9,7.3,1.32,1.0,0.0,0.0
75.0,166.0,70.0,52.7,7.9,4.92,1.0,0.0,1.0
77.0,165.0,63.0,77.8,7.7,4.67,1.0,1.0,0.0
67.0,161.0,61.0,90.3,8.0,3.87,0.0,1.0,1.0
45.0,157.0,87.0,59.4,8.3,2.7,0.0,1.0,1.0
45.0,169.0,85.0,76.2,5.7,1.76,0.0,1.0,1.0
54.0,152.0,86.0,53.5,7.0,1.89,1.0,0.0,0.0
58.0,165.0,94.0,63.3,7.8,2.77,1.0,0.0,0.0
53.0,179.0,84.0,73.2,6.1,4.07,0.0,0.0,1.0
44.0,194.0,83.0,49.3,8.0,2.06,1.0,1.0,0.0
71.0,172.0,67.0,69.8,7.2,2.24,1.0,1.0,0.0
34.0,177.0,96.0,60.0,7.2,3.4,0.0,1.0,1.0
26.0,189.0,91.0,77.3,8.459999999999999,1.95,0.0,1.0,0.0
50.0,154.0,107.0,68.0,6.2,3.34,0.0,0.0,1.0
70.0,169.0,113.0,81.3,9.0,2.55,1.0,0.0,0.0
37.0,189.0,220.0,66.6,6.92,1.14,0.0,0.0,1.0
30.0,193.0,92.0,53.7,7.7,2.61,1.0,1.0,0.0
45.0,150.0,78.0,52.2,6.9,4.68,0.0,1.0,1.0
65.0,179.0,84.0,47.1,7.9,2.17,0.0,1.0,0.0
46.0,170.0,119.0,77.6,10.0,2.29,1.0,1.0,0.0
30.0,169.0,105.0,100.7,6.9,1.26,1.0,1.0,0.0
63.0,155.0,94.0,75.2,6.7,3.46,1.0,1.0,0.0
52.0,171.0,111.0,90.1,6.3,4.4,0.0,0.0,0.0
78.0,167.0,106.0,83.6,7.4,2.41,0.0,1.0,0.0
23.0,157.0,102.0,63.8,7.4,1.96,1.0,1.0,0.0
35.0,188.0,77.0,85.2,8.059999999999999,4.83,1.0,1.0,1.0
68.0,181.0,119.0,64.3,8.2,3.98,0.0,0.0,1.0
22.0,182.0,60.0,64.5,8.0,3.27,0.0,0.0,1.0
64.0,165.0,92.0,67.5,7.5,2.22,1.0,1.0,0.0
42.0,161.0,54.0,68.1,10.4,1.88,0.0,0.0,1.0
19.0,187.0,82.0,77.9,8.5,3.86,0.0,0.0,1.0
27.0,183.0,63.0,61.9,5.9,3.09,1.0,0.0,1.0
73.0,163.0,80.0,80.7,5.2,3.08,1.0,1.0,0.0
47.0,185.0,103.0,80.5,6.5,1.29,1.0,0.0,0.0
67.0,182.0,107.0,74.1,7.660000000000001,3.05,0.0,0.0,0.0
76.0,172.0,90.0,93.3,6.3,4.29,1.0,0.0,0.0
62.0,199.0,47.0,85.4,6.6,4.79,0.0,1.0,0.0
22.0,194.0,118.0,82.8,7.94,1.43,0.0,0.0,1.0
72.0,151.0,109.0,70.8,7.0,3.52,0.0,1.0,0.0
73.0,190.0,52.0,74.2,4.4,3.27,0.0,0.0,1.0
50.0,170.0,95.0,76.3,8.360000000000001,4.56,0.0,1.0,0.0
71.0,151.0,117.0,70.2,8.8,4.0,1.0,1.0,0.0
18.0,176.0,50.0,65.5,5.6,4.86,0.0,1.0,1.0
35.0,158.0,83.0,45.0,7.6,4.84,1.0,1.0,0.0
49.0,150.0,104.0,78.6,5.8,1.9,0.0,1.0,0.0
64.0,160.0,72.0,82.5,6.6,3.9,1.0,0.0,0.0
66.0,152.0,98.0,56.1,8.2,3.12,1.0,0.0,0.0
28.0,172.0,81.0,77.3,8.7,1.86,0.0,0.0,0.0
38.0,175.0,53.0,62.9,8.7,1.78,1.0,1.0,0.0
43.0,153.0,100.0,65.6,7.9,1.32,0.0,1.0,0.0
42.0,167.0,103.0,85.7,9.4,4.18,1.0,1.0,1.0
39.0,155.0,46.0,58.1,6.6,2.3,1.0,0.0,0.0
76.0,184.0,105.0,58.1,6.9,4.43,1.0,1.0,0.0
44.0,171.0,102.0,91.7,4.0,3.43,0.0,1.0,1.0
66.0,192.0,104.0,68.3,7.4,3.69,0.0,1.0,0.0
30.0,164.0,84.0,85.0,7.4399999999999995,2.17,1.0,1.0,0.0
50.0,171.0,80.0,50.8,7.9,2.83,0.0,0.0,1.0
51.0,186.0,81.0,51.8,6.6,2.65,1.0,1.0,0.0
58.0,191.0,62.0,59.0,8.8,1.94,0.0,1.0,0.0
52.0,161.0,107.0,64.2,7.4,4.33,0.0,1.0,1.0
18.0,196.0,66.0,53.2,8.36,3.49,0.0,1.0,0.0
38.0,198.0,55.0,74.4,8.2,1.15,1.0,0.0,0.0
65.0,191.0,102.0,75.2,9.6,4.28,0.0,1.0,1.0
72.0,187.0,101.0,59.2,8.0,1.42,0.0,0.0,1.0
23.0,167.0,35.0,60.2,8.4,2.61,0.0,0.0,0.0
45.0,194.0,51.0,61.8,7.4,3.29,0.0,1.0,1.0
34.0,184.0,105.0,56.0,6.7,1.03,1.0,1.0,0.0
22.0,179.0,98.0,45.0,8.2,3.61,0.0,0.0,1.0
48.0,173.0,112.0,69.0,9.8,3.64,0.0,1.0,1.0
22.0,191.0,45.0,64.8,6.6,3.61,1.0,1.0,0.0
55.0,179.0,99.0,66.1,7.1,1.65,1.0,0.0,0.0
20.0,163.0,47.0,57.9,7.5,2.02,0.0,0.0,1.0
70.0,155.0,82.0,79.7,8.5,1.99,1.0,0.0,0.0
40.0,152.0,45.0,99.1,8.0,4.84,0.0,0.0,1.0
54.0,165.0,82.0,60.0,8.459999999999999,1.27,1.0,0.0,0.0
70.0,156.0,73.0,86.8,10.5,2.72,0.0,0.0,0.0
54.0,163.0,49.0,74.4,6.5,4.49,0.0,1.0,1.0
27.0,158.0,118.0,70.4,8.319999999999999,4.08,0.0,1.0,0.0
27.0,164.0,65.0,65.9,8.0,4.29,0.0,1.0,1.0
36.0,170.0,115.0,69.0,7.5,4.89,1.0,1.0,1.0
34.0,184.0,111.0,83.8,8.4,2.55,0.0,1.0,1.0
38.0,151.0,91.0,56.3,7.1,2.24,0.0,1.0,0.0
31.0,176.0,79.0,66.7,8.0,1.12,1.0,1.0,0.0
26.0,151.0,112.0,85.0,5.5,1.6,0.0,1.0,0.0
63.0,184.0,113.0,81.8,6.659999999999999,3.25,1.0,1.0,0.0
18.0,167.0,45.0,56.5,9.1,1.63,0.0,0.0,1.0
68.0,163.0,112.0,67.8,9.0,3.95,0.0,0.0,1.0
62.0,169.0,56.0,78.7,7.9,1.15,1.0,1.0,0.0
30.0,167.0,104.0,78.0,6.8,2.04,0.0,1.0,1.0
21.0,159.0,71.0,81.7,8.7,3.78,1.0,0.0,0.0
79.0,174.0,100.0,74.6,9.4,2.02,0.0,0.0,0.0
18.0,151.0,67.0,76.6,6.9,3.92,1.0,0.0,1.0
66.0,174.0,69.0,74.1,5.3,4.98,0.0,1.0,1.0
57.0,182.0,65.0,89.0,8.2,4.19,0.0,0.0,1.0
49.0,185.0,105.0,64.9,8.9,2.37,0.0,0.0,1.0
51.0,180.0,107.0,70.6,8.4,4.6,1.0,0.0,0.0
45.0,163.0,96.0,57.8,9.8,1.2,0.0,1.0,0.0
48.0,150.0,69.0,55.5,9.9,3.9,1.0,0.0,0.0
25.0,195.0,99.0,73.9,7.0,1.09,1.0,1.0,0.0
56.0,165.0,90.0,61.3,7.8,1.7,0.0,0.0,0.0
43.0,195.0,76.0,69.3,6.8,4.95,0.0,0.0,1.0
75.0,152.0,99.0,89.4,6.0,2.44,1.0,1.0,1.0
51.0,184.0,49.0,88.7,7.739999999999999,4.28,0.0,0.0,1.0
71.0,190.0,80.0,96.7,8.6,2.5,0.0,0.0,0.0
71.0,155.0,93.0,89.7,8.0,4.36,0.0,0.0,0.0
20.0,174.0,102.0,98.8,8.8,4.86,1.0,1.0,1.0
76.0,162.0,83.0,75.2,11.3,2.74,0.0,1.0,1.0
67.0,183.0,105.0,59.2,8.2,3.24,1.0,1.0,0.0
29.0,157.0,53.0,58.0,6.3,3.51,0.0,0.0,1.0
18.0,170.0,50.0,86.8,9.1,4.74,0.0,1.0,1.0
71.0,183.0,79.0,70.6,6.3,2.03,0.0,0.0,0.0
61.0,153.0,83.0,71.5,10.1,3.44,0.0,0.0,1.0
22.0,174.0,66.0,63.4,4.5,2.3,0.0,0.0,1.0
47.0,164.0,85.0,64.8,6.7,1.87,0.0,0.0,0.0
47.0,153.0,49.0,74.6,8.4,1.34,0.0,0.0,1.0
76.0,194.0,86.0,57.3,9.3,3.48,1.0,0.0,0.0
74.0,161.0,111.0,73.1,6.5,4.53,1.0,0.0,0.0
34.0,181.0,74.0,88.1,6.2,2.41,0.0,0.0,1.0
65.0,181.0,101.0,45.0,7.7,3.21,0.0,1.0,0.0
64.0,177.0,117.0,51.5,10.4,3.57,0.0,1.0,0.0
40.0,162.0,73.0,78.1,5.2,2.66,0.0,0.0,0.0
32.0,180.0,81.0,86.4,7.0,4.61,1.0,1.0,1.0
54.0,163.0,57.0,64.1,7.9,2.45,1.0,1.0,0.0
38.0,169.0,76.0,46.0,6.3,1.5,1.0,1.0,0.0
31.0,167.0,90.0,87.2,6.3,1.58,1.0,0.0,0.0
19.0,178.0,67.0,60.3,7.1,4.56,1.0,1.0,1.0
28.0,155.0,89.0,65.7,7.9,4.95,0.0,0.0,1.0
68.0,181.0,61.0,73.8,7.2,2.16,0.0,1.0,0.0
56.0,178.0,110.0,62.0,9.7,1.57,0.0,1.0,1.0
55.0,192.0,50.0,59.5,8.4,2.93,1.0,1.0,0.0
77.0,151.0,62.0,59.7,8.1,3.84,0.0,0.0,0.0
51.0,172.0,66.0,92.3,8.5,3.45,0.0,0.0,1.0
55.0,168.0,77.0,83.9,8.1,4.8,0.0,0.0,1.0
67.0,180.0,220.0,76.9,6.8,4.27,0.0,0.0,1.0
51.0,154.0,76.0,45.0,7.1,4.48,1.0,0.0,0.0
35.0,168.0,86.0,76.9,5.8,3.17,1.0,0.0,0.0
47.0,183.0,54.0,76.3,10.5,2.31,0.0,0.0,0.0
32.0,159.0,80.0,54.7,8.9,3.81,1.0,0.0,0.0
44.0,174.0,78.0,73.1,4.0,2.76,0.0,0.0,0.0
68.0,151.0,117.0,82.6,9.5,2.15,1.0,1.0,0.0
51.0,160.0,72.0,76.8,5.3,1.61,0.0,1.0,0.0
69.0,199.0,55.0,61.8,8.3,3.11,0.0,0.0,0.0
74.0,180.0,83.0,70.2,4.2,3.38,1.0,1.0,0.0
55.0,164.0,91.0,78.8,6.9,3.28,1.0,1.0,0.0
50.0,158.0,63.0,70.7,9.5,1.47,0.0,0.0,1.0
41.0,172.0,59.0,85.1,9.6,3.28,0.0,0.0,1.0
32.0,168.0,72.0,74.7,8.0,1.67,0.0,1.0,1.0
77.0,158.0,68.0,79.0,8.7,3.65,1.0,0.0,0.0
47.0,184.0,116.0,79.9,5.4,2.72,0.0,1.0,0.0
72.0,170.0,53.0,57.2,8.3,4.4,1.0,0.0,0.0
59.0,158.0,91.0,70.6,8.8,4.11,1.0,1.0,0.0
68.0,177.0,77.0,66.0,11.4,3.9,1.0,0.0,0.0
34.0,195.0,106.0,82.5,6.6,3.8,1.0,1.0,0.0
22.0,156.0,63.0,75.6,7.5,3.24,1.0,1.0,1.0
46.0,165.0,111.0,67.7,7.6,1.24,1.0,1.0,0.0
21.0,165.0,118.0,54.6,8.5,3.62,0.0,1.0,0.0
27.0,182.0,84.0,50.8,8.8,2.87,1.0,0.0,1.0
73.0,153.0,91.0,73.7,9.1,2.88,0.0,1.0,0.0
34.0,153.0,109.0,61.4,9.0,2.52,0.0,0.0,1.0
27.0,188.0,73.0,78.0,8.28,4.72,1.0,1.0,0.0
34.0,189.0,94.0,50.3,4.0,2.0,0.0,0.0,0.0
77.0,166.0,57.0,89.1,6.7,2.27,0.0,1.0,1.0
37.0,186.0,45.0,78.0,7.4,4.85,1.0,0.0,0.0
41.0,188.0,78.0,71.2,6.6,4.24,1.0,1.0,0.0
22.0,178.0,92.0,90.2,6.8,1.06,1.0,1.0,1.0
51.0,185.0,92.0,81.4,7.0,4.62,0.0,0.0,1.0
23.0,187.0,93.0,64.3,8.72,1.91,1.0,1.0,0.0
70.0,188.0,108.0,70.9,5.9,3.82,1.0,1.0,0.0
19.0,199.0,105.0,46.4,7.4,3.21,1.0,1.0,0.0
30.0,186.0,73.0,82.8,7.4,3.15,1.0,1.0,0.0
79.0,184.0,83.0,66.4,8.3,3.87,0.0,0.0,0.0
60.0,156.0,70.0,46.3,9.2,1.83,0.0,1.0,0.0
60.0,176.0,61.0,55.8,10.0,1.64,0.0,0.0,1.0
65.0,177.0,115.0,80.5,6.4,3.61,1.0,0.0,0.0
28.0,171.0,57.0,89.4,7.4,2.16,1.0,0.0,0.0
68.0,163.0,113.0,70.2,7.1,4.9,0.0,0.0,1.0
64.0,156.0,70.0,58.2,7.5600000000000005,2.81,0.0,1.0,1.0
74.0,186.0,93.0,53.0,11.6,1.45,1.0,1.0,0.0
40.0,171.0,111.0,87.0,6.2,3.74,1.0,0.0,0.0
72.0,154.0,51.0,75.4,7.76,2.22,1.0,1.0,0.0
33.0,151.0,102.0,66.0,8.9,1.59,0.0,1.0,0.0
48.0,176.0,93.0,63.2,8.0,2.69,1.0,0.0,1.0
28.0,170.0,97.0,78.1,10.6,4.86,0.0,0.0,1.0
71.0,187.0,109.0,77.7,7.2,2.65,0.0,0.0,1.0
33.0,164.0,106.0,59.2,6.2,2.39,0.0,1.0,0.0
25.0,170.0,61.0,56.3,6.2,2.78,0.0,0.0,1.0
21.0,159.0,87.0,56.9,8.6,1.05,0.0,0.0,1.0
57.0,172.0,69.0,64.4,7.2,1.53,1.0,1.0,0.0
21.0,188.0,47.0,61.7,6.88,4.4,0.0,1.0,1.0
73.0,154.0,73.0,89.4,8.2,4.91,0.0,1.0,0.0
42.0,150.0,76.0,64.0,8.6,1.63,1.0,1.0,0.0
20.0,162.0,70.0,55.0,7.9,3.14,1.0,1.0,1.0
49.0,170.0,60.0,55.7,8.8,4.87,1.0,1.0,0.0
20.0,175.0,69.0,67.8,7.6,1.63,1.0,1.0,0.0
44.0,199.0,98.0,48.1,6.6,1.75,0.0,1.0,0.0
46.0,194.0,72.0,69.3,8.419999999999998,4.71,0.0,0.0,1.0
49.0,170.0,117.0,54.0,6.2,3.82,0.0,1.0,0.0
67.0,167.0,100.0,83.9,7.82,1.61,0.0,0.0,0.0
78.0,186.0,109.0,71.4,9.2,2.57,0.0,1.0,1.0
75.0,194.0,85.0,95.5,7.0,1.23,1.0,1.0,0.0
68.0,181.0,95.0,67.3,10.0,2.73,0.0,0.0,1.0
36.0,185.0,115.0,45.0,8.8,4.11,1.0,1.0,1.0
38.0,166.0,73.0,87.5,6.9,3.22,0.0,0.0,1.0
22.0,184.0,63.0,76.0,8.2,3.59,0.0,1.0,1.0
35.0,198.0,110.0,77.9,11.3,2.31,0.0,0.0,1.0
45.0,160.0,85.0,58.0,8.6,1.65,1.0,0.0,0.0
59.0,170.0,89.0,69.5,8.4,1.05,0.0,1.0,0.0
78.0,175.0,59.0,72.2,6.6,4.29,0.0,0.0,1.0
39.0,153.0,47.0,67.1,8.1,3.55,0.0,0.0,1.0
38.0,183.0,55.0,49.2,9.5,1.92,1.0,1.0,0.0
23.0,197.0,97.0,103.2,6.6,2.67,0.0,1.0,0.0
18.0,167.0,90.0,80.0,10.3,4.21,1.0,0.0,1.0
22.0,189.0,74.0,75.0,7.7,3.15,0.0,1.0,1.0
58.0,184.0,101.0,85.8,6.2,2.2,1.0,0.0,0.0
29.0,190.0,62.0,77.7,8.280000000000001,2.07,0.0,0.0,1.0
43.0,178.0,95.0,61.9,8.8,1.87,0.0,0.0,0.0
63.0,178.0,92.0,85.0,6.2,4.29,1.0,1.0,1.0
51.0,187.0,110.0,80.2,5.8,3.33,0.0,1.0,0.0
66.0,191.0,52.0,62.3,6.8,3.84,0.0,0.0,1.0
31.0,170.0,66.0,79.5,7.1,4.44,0.0,0.0,1.0
43.0,191.0,50.0,67.1,6.5,4.95,1.0,0.0,1.0
62.0,162.0,101.0,72.5,6.8,2.0,0.0,1.0,0.0
44.0,198.0,80.0,77.2,8.9,1.72,1.0,0.0,1.0
26.0,190.0,101.0,86.4,7.9,2.85,0.0,1.0,1.0
43.0,166.0,93.0,62.2,6.7,1.14,1.0,0.0,0.0
74.0,158.0,89.0,74.4,6.9,4.17,1.0,0.0,0.0
64.0,190.0,110.0,94.2,7.419999999999999,4.54,0.0,0.0,0.0
74.0,150.0,89.0,67.9,7.4,3.74,1.0,0.0,0.0
39.0,151.0,64.0,72.4,7.4,2.07,1.0,1.0,0.0
64.0,197.0,108.0,94.2,8.8,1.49,0.0,1.0,0.0
73.0,178.0,111.0,77.6,7.8,2.53,1.0,1.0,0.0
47.0,182.0,47.0,52.3,7.8,4.33,0.0,1.0,1.0
60.0,159.0,98.0,60.5,9.6,2.39,0.0,1.0,0.0
65.0,199.0,108.0,78.3,10.3,1.14,1.0,0.0,1.0
78.0,189.0,84.0,75.1,5.7,2.1,1.0,1.0,0.0
34.0,170.0,103.0,72.0,5.1,4.96,0.0,1.0,1.0
43.0,177.0,99.0,95.9,7.0,3.71,0.0,1.0,1.0
53.0,160.0,106.0,62.6,8.7,4.6,1.0,1.0,0.0
18.0,183.0,48.0,69.1,8.1,4.1,0.0,0.0,0.0
25.0,157.0,104.0,46.4,9.1,3.16,0.0,0.0,1.0
66.0,171.0,119.0,83.9,6.7,1.59,0.0,0.0,0.0
52.0,157.0,74.0,60.4,4.6,2.39,1.0,1.0,0.0
78.0,198.0,46.0,82.7,8.620000000000001,3.33,1.0,0.0,0.0
69.0,164.0,106.0,81.4,8.3,4.48,0.0,0.0,0.0
32.0,166.0,93.0,98.2,9.1,2.07,1.0,1.0,0.0
64.0,172.0,53.0,77.8,4.6,1.48,1.0,1.0,0.0
73.0,173.0,75.0,65.7,9.6,3.24,0.0,1.0,0.0
39.0,194.0,105.0,75.4,8.2,1.71,1.0,0.0,0.0
31.0,168.0,92.0,60.9,7.4,3.44,0.0,1.0,1.0
43.0,154.0,69.0,73.8,6.6,2.05,0.0,0.0,0.0
45.0,181.0,80.0,67.6,9.9,1.92,0.0,0.0,1.0
40.0,193.0,52.0,69.2,8.8,2.6,1.0,0.0,1.0
31.0,150.0,117.0,59.2,8.2,3.37,1.0,0.0,0.0
41.0,172.0,102.0,73.6,6.4,3.18,1.0,0.0,1.0
19.0,186.0,89.0,79.9,9.9,1.98,1.0,1.0,0.0
62.0,157.0,106.0,50.2,7.5,4.56,0.0,0.0,1.0
43.0,162.0,83.0,61.7,7.9,1.44,0.0,0.0,1.0
31.0,157.0,102.0,72.0,7.6,1.16,0.0,0.0,0.0
76.0,172.0,108.0,45.0,6.4,3.41,0.0,0.0,0.0
73.0,192.0,88.0,90.9,8.0,1.49,1.0,0.0,0.0
68.0,150.0,73.0,61.5,8.5,3.02,1.0,1.0,1.0
24.0,194.0,103.0,58.7,6.8,4.81,1.0,0.0,1.0
20.0,173.0,115.0,67.5,7.9,3.79,1.0,0.0,1.0
64.0,184.0,53.0,71.6,7.6,3.47,1.0,0.0,0.0
40.0,173.0,50.0,60.9,6.640000000000001,3.3,0.0,0.0,1.0
63.0,166.0,73.0,81.8,7.1,1.72,0.0,1.0,0.0
60.0,154.0,102.0,74.8,7.8,2.73,0.0,0.0,0.0
64.0,169.0,61.0,60.0,8.2,2.37,0.0,0.0,1.0
77.0,170.0,60.0,63.7,7.0,4.81,1.0,0.0,0.0
62.0,189.0,47.0,51.8,6.3,1.97,1.0,0.0,0.0
35.0,180.0,65.0,55.0,7.5200000000000005,2.89,0.0,1.0,0.0
75.0,195.0,108.0,74.7,8.1,4.75,1.0,1.0,1.0
55.0,185.0,80.0,60.1,7.1,4.16,0.0,1.0,0.0
52.0,160.0,106.0,91.7,7.1,4.86,1.0,0.0,0.0
68.0,164.0,86.0,70.9,8.4,3.43,1.0,1.0,0.0
32.0,168.0,35.0,53.8,9.0,2.34,0.0,1.0,0.0
42.0,156.0,200.0,56.3,9.3,4.31,1.0,1.0,0.0
72.0,177.0,57.0,82.6,6.6,2.17,0.0,1.0,0.0
54.0,192.0,55.0,69.1,8.9,1.66,0.0,1.0,0.0
45.0,154.0,98.0,81.9,10.6,3.83,0.0,0.0,0.0
27.0,154.0,60.0,65.6,6.360000000000001,3.56,1.0,1.0,1.0
56.0,179.0,52.0,63.3,7.4,4.52,0.0,1.0,1.0
74.0,181.0,103.0,83.4,7.1,4.85,0.0,1.0,1.0
34.0,157.0,101.0,59.7,5.9,4.43,0.0,0.0,1.0
56.0,159.0,84.0,75.9,8.8,1.24,0.0,0.0,0.0
39.0,187.0,103.0,67.5,7.4,3.66,1.0,1.0,1.0
43.0,196.0,46.0,80.5,7.3,4.14,0.0,0.0,1.0
79.0,181.0,54.0,91.8,8.5,4.93,0.0,0.0,1.0
61.0,197.0,88.0,65.3,8.7,2.5,0.0,1.0,1.0
42.0,177.0,55.0,63.4,6.000000000000001,1.68,1.0,0.0,0.0
34.0,166.0,46.0,78.0,6.6,4.41,0.0,1.0,0.0
30.0,180.0,94.0,57.0,6.6,2.27,0.0,1.0,0.0
37.0,157.0,56.0,89.4,10.7,3.39,1.0,1.0,1.0
42.0,189.0,67.0,87.4,9.7,2.56,0.0,0.0,1.0
21.0,174.0,62.0,58.0,8.6,2.61,1.0,1.0,0.0
27.0,158.0,106.0,51.0,6.9,3.93,1.0,1.0,0.0
20.0,151.0,106.0,56.1,7.1,2.45,0.0,0.0,1.0
58.0,164.0,82.0,56.3,8.0,3.77,0.0,1.0,1.0
62.0,199.0,111.0,79.6,10.8,1.06,0.0,0.0,0.0
35.0,152.0,82.0,88.6,7.9,2.3,0.0,0.0,1.0
64.0,198.0,111.0,79.5,8.3,2.28,1.0,1.0,0.0
53.0,185.0,105.0,67.2,4.0,4.0,1.0,0.0,0.0
64.0,153.0,45.0,74.1,7.9,2.26,0.0,1.0,0.0
39.0,163.0,89.0,59.6,5.4,3.53,1.0,0.0,0.0
51.0,190.0,220.0,83.2,6.8,3.75,1.0,0.0,0.0
64.0,190.0,65.0,75.2,7.6,3.63,1.0,0.0,0.0
25.0,174.0,57.0,79.3,7.0,3.41,0.0,0.0,1.0
57.0,199.0,71.0,61.3,8.08,2.65,0.0,1.0,0.0
66.0,159.0,51.0,68.0,6.6,2.49,0.0,1.0,0.0
61.0,170.0,66.0,78.7,7.2,3.26,0.0,0.0,1.0
36.0,185.0,118.0,87.3,7.1,1.25,1.0,1.0,0.0
59.0,161.0,97.0,62.7,7.5,4.5,1.0,1.0,0.0
58.0,176.0,48.0,79.4,7.4,4.3,1.0,1.0,0.0
54.0,189.0,67.0,61.5,9.4,2.39,0.0,1.0,0.0
23.0,151.0,114.0,95.4,4.4,3.27,0.0,1.0,0.0
69.0,162.0,77.0,65.0,7.9,4.73,0.0,1.0,1.0
43.0,181.0,72.0,77.7,9.319999999999999,2.09,0.0,1.0,1.0
51.0,180.0,52.0,72.0,7.3,3.97,0.0,0.0,1.0
76.0,165.0,45.0,101.3,7.3,1.33,0.0,1.0,0.0
73.0,181.0,81.0,72.8,7.3,3.09,0.0,0.0,0.0
76.0,181.0,107.0,63.8,5.0,4.54,1.0,0.0,0.0
62.0,183.0,66.0,77.7,7.8,3.21,0.0,0.0,0.0
23.0,160.0,114.0,77.4,7.540000000000001,3.47,0.0,1.0,0.0
54.0,159.0,65.0,68.1,6.4,4.63,1.0,1.0,1.0
74.0,164.0,79.0,56.9,10.4,3.86,0.0,0.0,1.0
50.0,166.0,49.0,63.7,7.1,3.78,1.0,0.0,1.0
70.0,189.0,104.0,80.6,7.6,3.35,0.0,1.0,0.0
39.0,167.0,90.0,49.0,9.5,3.53,0.0,1.0,1.0
38.0,158.0,94.0,67.0,10.7,4.21,0.0,1.0,1.0
23.0,174.0,92.0,81.9,8.0,4.92,1.0,0.0,1.0
23.0,189.0,50.0,68.9,6.6,4.18,0.0,0.0,1.0
72.0,163.0,100.0,96.1,7.3,3.83,1.0,1.0,0.0
65.0,174.0,103.0,49.1,7.5,1.54,1.0,1.0,0.0
21.0,199.0,73.0,58.5,8.8,4.27,1.0,0.0,1.0
47.0,171.0,115.0,45.0,6.2,3.94,1.0,1.0,0.0
28.0,179.0,62.0,93.9,9.4,4.08,1.0,1.0,0.0
79.0,169.0,46.0,58.7,7.88,1.92,0.0,0.0,0.0
79.0,170.0,52.0,46.2,9.2,4.61,0.0,0.0,0.0
47.0,193.0,119.0,62.7,7.4,1.39,1.0,0.0,0.0
48.0,181.0,98.0,53.3,6.9,2.01,1.0,0.0,0.0
41.0,195.0,82.0,62.7,8.8,3.65,1.0,1.0,0.0
72.0,198.0,92.0,70.5,8.6,3.69,1.0,0.0,0.0
26.0,170.0,71.0,79.7,7.1,2.25,0.0,1.0,0.0
72.0,184.0,64.0,67.9,7.3,3.81,1.0,1.0,0.0
20.0,181.0,56.0,70.3,6.8,2.55,1.0,1.0,0.0
68.0,179.0,87.0,63.0,7.2,1.0,1.0,0.0,0.0
48.0,188.0,105.0,51.9,6.1,1.65,1.0,0.0,0.0
57.0,198.0,75.0,47.8,5.8,4.53,1.0,1.0,0.0
54.0,161.0,105.0,65.6,9.0,1.89,1.0,1.0,0.0
53.0,190.0,118.0,71.0,7.2,1.45,1.0,0.0,0.0
41.0,196.0,111.0,64.7,9.2,3.73,1.0,1.0,1.0
48.0,167.0,79.0,48.3,7.5200000000000005,2.76,1.0,1.0,0.0
23.0,170.0,35.0,72.4,8.0,4.19,0.0,1.0,1.0
19.0,162.0,60.0,89.6,6.4,4.45,0.0,1.0,1.0
37.0,170.0,57.0,68.6,5.7,4.38,0.0,1.0,1.0
45.0,157.0,79.0,63.0,6.8,2.25,1.0,1.0,0.0
28.0,195.0,119.0,69.3,9.8,3.02,1.0,1.0,1.0
21.0,189.0,103.0,56.7,8.8,3.6,0.0,1.0,1.0
32.0,195.0,65.0,56.0,6.7,2.29,0.0,0.0,1.0
23.0,156.0,98.0,75.4,6.8,1.16,1.0,0.0,0.0
71.0,172.0,119.0,81.9,6.1,2.98,0.0,1.0,1.0
66.0,193.0,74.0,68.2,5.2,1.05,0.0,1.0,0.0
47.0,181.0,92.0,46.3,7.7,4.8,0.0,0.0,1.0
73.0,160.0,79.0,74.2,10.1,4.19,0.0,0.0,1.0
55.0,171.0,82.0,94.8,10.1,1.77,1.0,0.0,0.0
68.0,171.0,75.0,67.1,8.4,2.15,0.0,1.0,0.0
79.0,192.0,68.0,67.9,6.6,4.93,1.0,0.0,1.0
74.0,174.0,30.0,59.5,5.3,2.49,1.0,0.0,0.0
19.0,171.0,76.0,75.8,9.1,4.13,1.0,1.0,0.0
32.0,177.0,99.0,61.9,8.2,2.79,0.0,0.0,1.0
28.0,178.0,102.0,82.3,7.0,4.46,1.0,1.0,0.0
25.0,162.0,47.0,62.1,6.8,3.82,1.0,0.0,0.0
43.0,167.0,113.0,74.1,8.4,1.09,0.0,0.0,0.0
68.0,151.0,54.0,69.4,6.3,2.18,1.0,0.0,0.0
62.0,178.0,69.0,88.7,7.9,3.23,0.0,0.0,0.0
61.0,170.0,112.0,74.9,5.7,4.7,1.0,0.0,0.0
22.0,164.0,105.0,86.6,10.8,1.41,1.0,1.0,0.0
23.0,176.0,73.0,71.3,6.5,3.4,1.0,1.0,1.0
43.0,199.0,63.0,68.0,8.5,2.21,0.0,0.0,1.0
71.0,180.0,87.0,69.5,5.7,4.56,0.0,1.0,1.0
21.0,164.0,110.0,60.7,7.3,4.06,0.0,0.0,1.0
36.0,172.0,118.0,76.4,8.8,2.48,1.0,0.0,0.0
37.0,173.0,105.0,61.7,9.2,1.67,0.0,0.0,1.0
50.0,193.0,87.0,71.3,8.6,1.05,0.0,0.0,0.0
37.0,162.0,69.0,80.3,7.3,3.48,0.0,0.0,1.0
66.0,171.0,64.0,89.0,6.5,2.62,1.0,1.0,0.0
29.0,192.0,92.0,72.0,5.9,2.26,0.0,1.0,1.0
64.0,186.0,68.0,80.3,9.8,4.94,0.0,1.0,1.0
18.0,182.0,55.0,78.9,7.7,2.86,1.0,1.0,0.0
43.0,152.0,99.0,65.4,7.9,4.0,1.0,0.0,0.0
31.0,168.0,72.0,95.3,9.2,1.71,0.0,1.0,1.0
55.0,172.0,113.0,63.1,8.4,1.05,1.0,0.0,0.0
54.0,178.0,107.0,71.1,7.3,2.67,1.0,0.0,0.0
79.0,179.0,103.0,87.4,8.6,3.66,1.0,1.0,0.0
28.0,188.0,49.0,87.2,6.6,3.03,1.0,1.0,0.0
53.0,193.0,95.0,70.2,5.2,4.56,0.0,0.0,1.0
30.0,196.0,65.0,81.9,9.6,2.74,0.0,0.0,0.0
60.0,174.0,56.0,67.3,6.7,2.24,1.0,0.0,0.0
20.0,186.0,94.0,64.1,7.0,4.66,0.0,1.0,1.0
50.0,196.0,48.0,55.4,7.2,2.63,1.0,0.0,0.0
23.0,157.0,86.0,78.7,6.6,2.08,1.0,0.0,0.0
67.0,191.0,82.0,80.0,9.2,1.39,1.0,0.0,0.0
73.0,165.0,69.0,63.2,8.1,4.17,0.0,0.0,1.0
27.0,157.0,58.0,73.2,7.0,4.3,0.0,1.0,1.0
22.0,150.0,119.0,101.8,5.6,1.13,0.0,1.0,0.0
40.0,193.0,76.0,83.8,8.0,2.43,1.0,0.0,1.0
27.0,154.0,55.0,59.2,4.0,4.0,0.0,1.0,1.0
61.0,152.0,105.0,82.0,7.8,4.79,0.0,0.0,1.0
19.0,150.0,220.0,59.2,9.5,2.51,1.0,1.0,0.0
30.0,153.0,71.0,45.0,7.6,4.49,1.0,1.0,1.0
57.0,189.0,99.0,69.8,9.3,2.57,0.0,1.0,0.0
19.0,184.0,98.0,88.8,5.7,1.72,1.0,1.0,0.0
37.0,181.0,119.0,86.8,10.6,1.01,0.0,0.0,1.0
18.0,191.0,65.0,74.5,9.1,2.32,1.0,0.0,1.0
54.0,183.0,88.0,63.5,8.2,2.51,0.0,0.0,0.0
26.0,192.0,49.0,75.8,6.6,4.78,0.0,1.0,0.0
34.0,174.0,85.0,66.8,6.4,1.82,1.0,1.0,0.0
26.0,159.0,103.0,63.8,7.4,2.53,0.0,0.0,0.0
28.0,170.0,98.0,82.7,9.3,1.1,0.0,1.0,0.0
32.0,195.0,118.0,63.7,5.5,4.05,1.0,1.0,0.0
41.0,188.0,66.0,83.5,7.5,4.66,0.0,0.0,1.0
55.0,176.0,109.0,62.9,8.6,1.95,0.0,1.0,0.0
72.0,176.0,108.0,94.7,8.9,2.72,0.0,0.0,0.0
52.0,151.0,115.0,50.3,8.6,1.49,0.0,1.0,0.0
47.0,190.0,48.0,58.5,5.4,2.83,1.0,0.0,1.0
48.0,197.0,109.0,68.1,9.2,1.53,1.0,1.0,0.0
66.0,162.0,59.0,46.2,7.6,3.09,0.0,1.0,0.0
22.0,158.0,66.0,45.0,5.9,3.94,1.0,1.0,0.0
79.0,185.0,91.0,46.3,7.5,3.21,1.0,1.0,0.0
77.0,171.0,90.0,66.5,4.6,1.98,0.0,1.0,0.0
61.0,191.0,58.0,66.8,8.4,2.42,1.0,0.0,0.0
67.0,175.0,94.0,74.0,7.3,3.55,0.0,1.0,0.0
31.0,161.0,64.0,67.6,5.6,3.36,0.0,0.0,1.0
70.0,166.0,94.0,73.6,7.1,1.55,1.0,0.0,0.0
73.0,163.0,77.0,64.6,8.680000000000001,4.38,1.0,0.0,0.0
28.0,163.0,103.0,78.6,6.5,2.9,0.0,1.0,0.0
26.0,183.0,87.0,77.1,4.1,1.65,1.0,0.0,0.0
51.0,169.0,56.0,66.1,5.0,1.49,0.0,1.0,0.0
29.0,160.0,84.0,76.4,7.2,4.86,0.0,1.0,1.0
52.0,165.0,64.0,67.7,6.9,2.13,0.0,1.0,1.0
52.0,180.0,82.0,51.7,9.0,4.63,0.0,0.0,1.0
18.0,155.0,47.0,80.9,7.859999999999999,2.64,1.0,1.0,1.0
57.0,168.0,72.0,59.1,8.2,2.54,0.0,1.0,0.0
39.0,186.0,100.0,80.7,6.8,3.8,1.0,1.0,0.0
77.0,153.0,57.0,73.9,6.039999999999999,1.04,0.0,0.0,0.0
46.0,196.0,110.0,69.0,7.6,2.35,0.0,0.0,0.0
25.0,153.0,81.0,47.5,6.9,2.21,0.0,0.0,0.0
28.0,169.0,93.0,88.5,8.4,4.47,1.0,0.0,1.0
58.0,159.0,110.0,65.6,11.0,3.12,0.0,1.0,1.0
54.0,173.0,80.0,77.6,6.3,2.46,0.0,0.0,1.0
31.0,184.0,98.0,68.6,8.1,2.06,1.0,1.0,0.0
77.0,175.0,70.0,66.7,7.5,3.36,0.0,0.0,1.0
47.0,186.0,119.0,72.3,9.1,1.61,0.0,1.0,0.0
52.0,187.0,116.0,70.3,7.94,1.98,1.0,0.0,0.0
38.0,170.0,84.0,66.8,8.48,2.17,0.0,0.0,0.0
54.0,189.0,87.0,69.3,5.8,3.43,0.0,0.0,1.0
22.0,188.0,66.0,75.1,8.4,2.49,0.0,1.0,1.0
36.0,170.0,64.0,76.0,5.9,3.02,0.0,1.0,1.0
76.0,159.0,52.0,70.5,9.3,3.6,0.0,0.0,0.0
31.0,187.0,73.0,77.5,8.3,4.83,0.0,0.0,1.0
43.0,195.0,84.0,64.9,7.6,4.06,0.0,0.0,1.0
79.0,153.0,74.0,96.7,6.9799999999999995,2.62,0.0,0.0,0.0
21.0,194.0,99.0,87.8,8.5,3.99,0.0,0.0,1.0
42.0,169.0,60.0,79.1,9.9,4.8,1.0,0.0,0.0
62.0,166.0,90.0,46.7,6.9,3.0,0.0,1.0,0.0
59.0,156.0,106.0,77.3,6.4,2.64,1.0,1.0,0.0
42.0,153.0,51.0,66.0,7.4,1.31,0.0,1.0,1.0
35.0,178.0,89.0,58.3,8.2,4.57,0.0,1.0,1.0
57.0,163.0,103.0,65.7,6.7,1.99,0.0,1.0,0.0
25.0,152.0,100.0,59.6,8.8,1.26,1.0,1.0,0.0
56.0,173.0,92.0,76.1,6.62,3.15,0.0,0.0,1.0
57.0,186.0,71.0,89.4,8.120000000000001,4.38,1.0,0.0,0.0
31.0,165.0,97.0,79.9,7.0,2.63,0.0,0.0,1.0
49.0,153.0,117.0,103.2,8.2,4.13,0.0,0.0,0.0
68.0,173.0,79.0,51.4,9.3,4.35,1.0,0.0,1.0
78.0,183.0,95.0,63.9,7.7,2.82,0.0,1.0,0.0
55.0,179.0,81.0,58.7,8.2,3.36,0.0,1.0,1.0
50.0,167.0,101.0,84.8,8.6,3.14,1.0,1.0,0.0
40.0,168.0,52.0,67.4,6.2,4.76,1.0,1.0,0.0
32.0,180.0,64.0,72.3,8.2,3.9,1.0,1.0,1.0
50.0,168.0,97.0,77.6,5.5,4.7,0.0,0.0,1.0
42.0,198.0,56.0,52.5,6.5,1.88,1.0,1.0,0.0
34.0,195.0,93.0,62.5,9.2,2.24,1.0,1.0,1.0
50.0,168.0,61.0,82.0,8.2,1.28,1.0,1.0,0.0
64.0,171.0,108.0,63.4,7.1,3.0,0.0,0.0,0.0
72.0,173.0,86.0,49.4,6.56,4.5,0.0,0.0,1.0
19.0,194.0,73.0,59.2,5.5,2.31,1.0,0.0,0.0
31.0,161.0,63.0,66.6,6.639999999999999,1.51,0.0,0.0,1.0
70.0,179.0,55.0,72.0,6.12,1.27,1.0,0.0,1.0
57.0,187.0,94.0,69.2,4.0,2.79,0.0,0.0,1.0
57.0,180.0,115.0,62.6,7.3,1.66,1.0,1.0,0.0
68.0,185.0,102.0,81.3,5.8,2.38,0.0,1.0,0.0
56.0,168.0,78.0,68.5,5.8,4.28,1.0,1.0,0.0
68.0,197.0,64.0,72.5,7.1,2.54,0.0,0.0,0.0
23.0,194.0,94.0,63.3,4.8,3.44,1.0,0.0,0.0
23.0,185.0,54.0,88.1,6.3,3.01,0.0,0.0,0.0
20.0,179.0,76.0,65.3,4.8,3.87,0.0,0.0,1.0
24.0,198.0,96.0,70.9,7.7,1.62,0.0,1.0,1.0
68.0,182.0,59.0,82.4,7.7,4.68,0.0,0.0,0.0
25.0,167.0,47.0,73.4,7.0,3.57,0.0,0.0,1.0
59.0,198.0,81.0,73.1,9.0,2.08,1.0,0.0,1.0
69.0,177.0,84.0,46.3,7.1,1.49,0.0,0.0,1.0
32.0,196.0,116.0,78.2,7.5,1.6,1.0,0.0,0.0
64.0,160.0,84.0,70.7,6.1,4.13,0.0,1.0,0.0
46.0,194.0,100.0,76.5,4.0,3.35,0.0,0.0,0.0
50.0,182.0,67.0,72.2,7.3,2.52,1.0,0.0,0.0
69.0,166.0,55.0,63.3,7.1,2.33,0.0,1.0,0.0
47.0,155.0,108.0,80.7,10.1,4.42,1.0,0.0,1.0
56.0,153.0,52.0,72.4,8.5,4.5,1.0,0.0,1.0
44.0,169.0,100.0,54.5,6.9,3.33,1.0,1.0,1.0
53.0,197.0,104.0,85.7,7.7,3.1,1.0,1.0,0.0
46.0,196.0,54.0,52.8,8.9,4.27,0.0,1.0,0.0
55.0,176.0,83.0,80.8,8.3,4.0,1.0,1.0,1.0
74.0,164.0,72.0,87.8,10.0,2.6,1.0,1.0,0.0
50.0,155.0,93.0,56.7,6.3,1.33,1.0,1.0,0.0
78.0,196.0,80.0,68.5,9.0,4.07,1.0,1.0,0.0
54.0,163.0,57.0,67.4,6.9,1.67,1.0,1.0,0.0
44.0,160.0,80.0,67.9,7.8,1.07,1.0,1.0,1.0
72.0,188.0,70.0,92.0,6.7,4.37,0.0,1.0,0.0
50.0,158.0,48.0,56.9,7.3,3.31,0.0,0.0,1.0
79.0,175.0,108.0,66.3,7.8,4.57,1.0,1.0,0.0
21.0,165.0,82.0,88.0,8.4,2.94,0.0,1.0,1.0
39.0,154.0,66.0,66.1,8.02,4.71,1.0,1.0,1.0
19.0,159.0,46.0,58.8,4.0,2.42,1.0,1.0,0.0
27.0,199.0,75.0,73.2,7.4,3.9,0.0,1.0,1.0
22.0,152.0,55.0,79.7,9.7,2.2,0.0,0.0,1.0
76.0,162.0,90.0,65.3,7.4,1.0,1.0,0.0,0.0
27.0,192.0,106.0,76.7,9.7,2.52,0.0,0.0,1.0
50.0,198.0,113.0,53.5,7.3,3.95,1.0,1.0,0.0
71.0,179.0,108.0,54.1,5.1,1.6,0.0,1.0,0.0
55.0,194.0,54.0,64.7,6.9,3.02,1.0,0.0,0.0
30.0,155.0,84.0,77.1,6.7,1.85,1.0,1.0,0.0
48.0,166.0,68.0,79.1,7.2,1.3,0.0,1.0,0.0
64.0,194.0,88.0,55.8,5.7,3.47,0.0,0.0,1.0
53.0,168.0,30.0,78.7,7.5,4.81,1.0,1.0,0.0
62.0,191.0,106.0,72.0,7.0,2.24,1.0,1.0,0.0
41.0,184.0,61.0,59.4,9.4,3.32,0.0,1.0,1.0
69.0,195.0,109.0,54.0,5.7,4.81,1.0,1.0,0.0
73.0,175.0,101.0,72.8,7.9,3.6,1.0,1.0,0.0
32.0,154.0,99.0,85.5,8.1,3.69,1.0,1.0,0.0
46.0,178.0,97.0,70.4,8.7,1.72,0.0,1.0,0.0
25.0,186.0,100.0,58.8,7.0,2.97,1.0,0.0,1.0
22.0,169.0,53.0,47.6,7.8,2.47,1.0,0.0,1.0
46.0,198.0,66.0,88.4,8.0,2.88,0.0,1.0,0.0
64.0,170.0,57.0,82.5,5.0,4.2,0.0,1.0,0.0
21.0,159.0,92.0,73.6,7.0,2.84,1.0,0.0,0.0
29.0,154.0,62.0,87.7,7.5,1.25,1.0,0.0,0.0
62.0,185.0,84.0,72.7,7.6,4.62,1.0,0.0,1.0
19.0,155.0,61.0,63.6,7.6,3.18,1.0,0.0,1.0
44.0,175.0,59.0,76.7,8.2,4.7,0.0,0.0,1.0
48.0,153.0,59.0,60.0,10.4,3.29,0.0,0.0,1.0
68.0,188.0,107.0,58.1,6.6,1.28,1.0,0.0,0.0
68.0,188.0,83.0,79.3,8.1,3.21,0.0,1.0,0.0
53.0,199.0,57.0,80.3,9.5,3.3,0.0,0.0,0.0
53.0,184.0,76.0,54.7,4.8,1.86,1.0,0.0,0.0
43.0,150.0,53.0,55.2,7.9,2.88,1.0,0.0,0.0
60.0,173.0,84.0,64.7,5.0,2.84,1.0,1.0,0.0
44.0,185.0,64.0,61.5,10.8,3.49,0.0,1.0,1.0
22.0,155.0,117.0,75.7,8.3,2.04,0.0,1.0,1.0
37.0,190.0,107.0,70.6,8.1,3.33,1.0,0.0,1.0
28.0,195.0,88.0,84.0,4.7,1.96,1.0,0.0,0.0
79.0,193.0,82.0,73.8,6.7,2.79,1.0,0.0,0.0
27.0,180.0,104.0,62.3,6.8,1.49,1.0,1.0,0.0
57.0,169.0,115.0,47.3,10.1,1.15,0.0,1.0,0.0
55.0,173.0,92.0,72.2,8.6,2.28,0.0,1.0,0.0
23.0,174.0,62.0,49.5,5.0,2.1,1.0,1.0,0.0
25.0,185.0,60.0,62.1,7.419999999999999,2.63,0.0,1.0,1.0
40.0,170.0,99.0,61.3,5.2,4.85,0.0,1.0,1.0
64.0,179.0,83.0,63.9,5.1,3.09,0.0,0.0,1.0
43.0,173.0,112.0,54.2,8.2,3.21,1.0,1.0,0.0
63.0,193.0,103.0,61.3,8.6,4.77,0.0,1.0,1.0
60.0,191.0,106.0,83.8,8.2,4.68,1.0,1.0,0.0
29.0,179.0,57.0,83.7,10.3,4.54,0.0,1.0,1.0
43.0,171.0,50.0,88.4,8.1,1.39,0.0,0.0,0.0
30.0,177.0,104.0,70.1,7.8,3.54,0.0,0.0,1.0
57.0,156.0,35.0,73.3,5.7,4.23,0.0,1.0,0.0
79.0,184.0,98.0,83.9,8.8,4.34,1.0,0.0,1.0
35.0,177.0,48.0,52.4,5.0,3.31,0.0,0.0,1.0
42.0,163.0,83.0,79.7,10.5,1.07,1.0,0.0,1.0
50.0,159.0,116.0,85.6,8.8,4.89,0.0,0.0,1.0
64.0,165.0,69.0,59.3,11.7,2.89,0.0,0.0,1.0
57.0,165.0,76.0,86.6,8.1,2.57,1.0,0.0,0.0
77.0,180.0,103.0,94.7,8.9,2.58,0.0,0.0,1.0
60.0,191.0,107.0,79.3,7.1,2.7,1.0,1.0,0.0
29.0,174.0,82.0,77.1,7.4,1.97,0.0,0.0,1.0
61.0,162.0,97.0,56.6,5.9,2.31,0.0,1.0,0.0
53.0,155.0,111.0,82.8,5.3,4.94,1.0,0.0,1.0
65.0,193.0,72.0,57.7,7.8,2.47,1.0,0.0,0.0
21.0,158.0,47.0,74.4,7.4,3.11,1.0,0.0,1.0
22.0,194.0,66.0,75.7,5.9,4.39,1.0,1.0,0.0
73.0,185.0,82.0,45.0,6.2,3.11,0.0,0.0,1.0
54.0,192.0,116.0,74.9,7.5,2.3,0.0,1.0,0.0
25.0,169.0,116.0,101.5,5.9,3.1,1.0,0.0,0.0
59.0,167.0,106.0,45.0,8.0,1.46,1.0,0.0,0.0
66.0,192.0,101.0,69.4,5.9,1.52,1.0,1.0,0.0
45.0,170.0,50.0,46.6,7.9,3.78,1.0,0.0,0.0
48.0,153.0,76.0,59.3,5.8,4.67,0.0,0.0,1.0
75.0,199.0,54.0,46.8,5.8,3.9,1.0,0.0,0.0
26.0,182.0,47.0,71.9,4.0,1.3,0.0,1.0,1.0
71.0,176.0,103.0,79.5,7.3,2.61,0.0,0.0,0.0
68.0,156.0,93.0,74.9,9.7,1.01,0.0,0.0,0.0
46.0,155.0,103.0,58.8,9.6,3.04,0.0,0.0,1.0
31.0,164.0,75.0,62.7,8.0,1.77,1.0,1.0,0.0
57.0,167.0,113.0,73.3,4.5,4.47,0.0,0.0,1.0
58.0,181.0,106.0,59.2,8.8,1.42,0.0,1.0,0.0
39.0,160.0,96.0,54.1,7.8,1.01,1.0,0.0,0.0
28.0,169.0,200.0,67.1,6.9,2.8,1.0,0.0,0.0
40.0,173.0,75.0,58.7,9.3,1.62,0.0,1.0,0.0
18.0,164.0,66.0,74.9,8.4,3.95,0.0,1.0,1.0
63.0,197.0,48.0,85.6,10.4,4.68,0.0,1.0,1.0
54.0,156.0,57.0,101.2,5.4,1.17,1.0,1.0,0.0
38.0,170.0,89.0,74.1,5.5,2.58,1.0,1.0,0.0
43.0,191.0,86.0,77.8,5.8,4.99,1.0,0.0,1.0
63.0,175.0,93.0,62.8,7.1,3.93,0.0,0.0,0.0
53.0,193.0,64.0,63.6,9.9,4.81,1.0,1.0,1.0
71.0,163.0,98.0,85.4,6.6,1.66,1.0,0.0,0.0
40.0,186.0,80.0,66.7,6.6,1.89,0.0,0.0,1.0
74.0,170.0,45.0,70.9,8.1,1.62,1.0,1.0,0.0
18.0,167.0,59.0,84.7,8.8,2.21,0.0,1.0,0.0
71.0,154.0,61.0,66.8,4.1,3.9,0.0,1.0,1.0
72.0,152.0,68.0,88.0,7.58,1.66,1.0,0.0,1.0
68.0,172.0,102.0,76.9,6.5,3.1,1.0,1.0,1.0
57.0,175.0,116.0,75.5,7.3,2.08,1.0,0.0,0.0
32.0,186.0,67.0,62.2,9.6,4.32,1.0,1.0,0.0
38.0,173.0,90.0,76.1,7.2,1.03,0.0,1.0,0.0
64.0,198.0,116.0,64.9,5.2,1.89,0.0,1.0,0.0
26.0,168.0,52.0,75.6,5.3,3.42,1.0,1.0,1.0
70.0,174.0,220.0,68.8,7.5,1.39,0.0,0.0,0.0
26.0,170.0,103.0,81.6,7.0,2.87,1.0,0.0,0.0
27.0,161.0,57.0,69.6,7.6,2.74,0.0,0.0,1.0
69.0,190.0,83.0,94.5,6.9,4.41,0.0,1.0,1.0
74.0,182.0,72.0,66.7,9.4,3.5,0.0,0.0,1.0
70.0,199.0,220.0,63.6,7.5,3.56,0.0,0.0,1.0
43.0,153.0,60.0,74.2,4.9,4.81,1.0,0.0,1.0
58.0,191.0,46.0,82.9,8.7,4.93,1.0,1.0,1.0
52.0,156.0,61.0,82.8,10.4,3.61,1.0,0.0,1.0
69.0,171.0,74.0,72.0,7.7,3.09,1.0,1.0,0.0
42.0,182.0,57.0,74.1,7.8,3.43,1.0,1.0,0.0
43.0,166.0,57.0,74.1,6.3,2.53,1.0,0.0,0.0
28.0,173.0,87.0,57.1,7.1,4.95,0.0,0.0,0.0
55.0,183.0,65.0,82.3,8.3,3.82,0.0,1.0,1.0
19.0,177.0,99.0,54.9,9.2,2.16,0.0,1.0,0.0
24.0,192.0,84.0,57.1,8.2,1.23,0.0,1.0,0.0
35.0,190.0,59.0,70.7,10.2,1.18,1.0,0.0,0.0
44.0,188.0,117.0,66.2,7.6,1.82,0.0,1.0,1.0
51.0,171.0,96.0,79.6,5.8,1.93,0.0,1.0,0.0
44.0,198.0,118.0,75.4,5.9,2.66,0.0,1.0,0.0
34.0,166.0,97.0,71.7,9.4,1.86,1.0,0.0,0.0
60.0,183.0,96.0,56.5,9.0,3.52,0.0,1.0,1.0
76.0,155.0,74.0,70.3,5.0,1.85,1.0,1.0,0.0
61.0,195.0,77.0,69.4,7.2,1.75,1.0,1.0,0.0
76.0,155.0,101.0,72.7,7.2,2.88,0.0,1.0,0.0
68.0,183.0,96.0,64.8,6.4,4.55,1.0,1.0,0.0
71.0,150.0,53.0,76.3,8.58,2.87,0.0,0.0,0.0
41.0,159.0,98.0,65.8,7.82,2.66,1.0,0.0,0.0
42.0,170.0,45.0,75.1,6.1,3.31,0.0,1.0,1.0
24.0,154.0,88.0,79.6,5.4,2.03,0.0,1.0,0.0
69.0,151.0,119.0,63.6,8.7,2.41,0.0,1.0,0.0
23.0,171.0,53.0,60.7,7.9,1.86,0.0,1.0,0.0
70.0,197.0,76.0,75.7,6.780000000000001,3.29,1.0,1.0,0.0
41.0,151.0,59.0,54.1,4.4,3.79,1.0,1.0,0.0
50.0,159.0,56.0,83.3,7.1,3.69,0.0,0.0,1.0
66.0,183.0,101.0,70.1,8.3,2.02,0.0,1.0,0.0
46.0,165.0,52.0,68.6,6.659999999999999,4.12,0.0,1.0,1.0
60.0,197.0,116.0,76.6,5.8,2.02,0.0,0.0,0.0
39.0,188.0,71.0,75.8,7.3,1.6,0.0,0.0,0.0
43.0,171.0,106.0,70.1,8.0,2.4,1.0,0.0,0.0
45.0,161.0,56.0,80.5,4.5,3.39,0.0,0.0,1.0
67.0,173.0,109.0,61.9,9.5,1.57,1.0,1.0,0.0
38.0,196.0,86.0,78.5,5.6,3.59,1.0,0.0,1.0
66.0,189.0,106.0,57.1,6.9,4.45,0.0,0.0,1.0
24.0,187.0,55.0,76.1,9.3,2.17,0.0,0.0,1.0
34.0,159.0,87.0,66.1,7.7,2.8,0.0,1.0,0.0
37.0,184.0,61.0,54.3,9.1,1.91,0.0,1.0,0.0
58.0,198.0,76.0,73.1,9.8,2.45,0.0,1.0,1.0
66.0,181.0,84.0,69.6,5.3,1.09,0.0,0.0,0.0
37.0,156.0,67.0,51.5,8.9,4.82,0.0,1.0,1.0
71.0,170.0,100.0,45.0,9.5,2.66,1.0,0.0,0.0
39.0,169.0,50.0,68.2,6.9,4.16,1.0,0.0,0.0
45.0,175.0,94.0,89.4,6.659999999999999,1.57,1.0,0.0,0.0
78.0,153.0,81.0,73.9,4.6,4.25,1.0,0.0,0.0
57.0,195.0,108.0,62.0,8.7,4.44,1.0,1.0,0.0
66.0,171.0,98.0,83.0,4.0,3.86,0.0,1.0,0.0
24.0,164.0,116.0,80.9,9.0,4.61,1.0,1.0,0.0
18.0,189.0,93.0,85.3,5.4,1.67,0.0,1.0,1.0
49.0,170.0,55.0,78.2,9.6,2.91,1.0,0.0,0.0
30.0,164.0,93.0,80.6,8.16,3.48,0.0,0.0,1.0
47.0,171.0,65.0,78.8,9.0,3.38,0.0,0.0,1.0
40.0,177.0,110.0,64.3,6.3,4.44,0.0,0.0,1.0
68.0,163.0,107.0,50.4,5.5,1.86,0.0,0.0,0.0
76.0,176.0,72.0,63.7,4.9,1.7,0.0,1.0,0.0
73.0,190.0,61.0,83.3,9.1,2.01,1.0,1.0,0.0
36.0,189.0,50.0,65.4,8.5,4.57,0.0,0.0,0.0
79.0,177.0,63.0,68.3,8.5,4.76,0.0,0.0,1.0
49.0,175.0,100.0,56.0,7.9,3.28,1.0,1.0,0.0
47.0,198.0,72.0,63.4,8.3,3.01,0.0,1.0,1.0
46.0,151.0,110.0,69.9,7.1,3.42,1.0,0.0,1.0
66.0,174.0,82.0,75.9,8.1,3.47,0.0,1.0,1.0
62.0,152.0,81.0,64.5,6.2,1.68,1.0,1.0,0.0
46.0,157.0,112.0,63.7,7.0,3.75,1.0,0.0,0.0
47.0,193.0,93.0,80.1,12.0,2.81,0.0,0.0,1.0
33.0,182.0,87.0,73.9,7.6,3.07,0.0,1.0,1.0
57.0,191.0,80.0,75.4,4.5,1.12,0.0,1.0,0.0
36.0,184.0,102.0,88.3,6.9,4.06,1.0,0.0,0.0
35.0,155.0,57.0,63.9,5.9,4.34,0.0,1.0,1.0
18.0,188.0,96.0,69.4,7.7,3.48,1.0,1.0,0.0
31.0,172.0,102.0,76.6,6.2,3.99,0.0,1.0,1.0
68.0,174.0,76.0,59.5,7.2,3.09,1.0,0.0,0.0
64.0,199.0,104.0,72.7,6.4,3.47,0.0,1.0,0.0
67.0,192.0,102.0,70.3,7.8,2.58,1.0,1.0,0.0
19.0,168.0,100.0,103.3,6.6,4.17,0.0,0.0,1.0
71.0,154.0,72.0,71.2,8.0,2.87,0.0,0.0,1.0
45.0,160.0,45.0,83.9,10.4,3.72,1.0,1.0,0.0
66.0,161.0,86.0,80.0,5.8,3.49,1.0,0.0,0.0
67.0,159.0,92.0,56.1,8.6,3.81,0.0,0.0,1.0
47.0,157.0,84.0,51.4,4.0,4.14,0.0,1.0,0.0
55.0,173.0,107.0,73.0,7.2,3.05,1.0,0.0,0.0
68.0,177.0,116.0,85.1,7.8,4.25,0.0,1.0,1.0
21.0,190.0,48.0,73.5,6.4,2.99,1.0,1.0,0.0
18.0,185.0,82.0,70.9,4.8,4.83,1.0,0.0,1.0
25.0,186.0,71.0,66.6,7.4,4.01,1.0,1.0,1.0
46.0,170.0,35.0,54.1,9.8,1.68,1.0,1.0,0.0
72.0,157.0,60.0,58.5,7.3,4.32,0.0,1.0,1.0
56.0,158.0,100.0,50.5,8.3,3.21,0.0,1.0,0.0
20.0,196.0,75.0,56.8,9.2,4.94,0.0,1.0,1.0
49.0,164.0,58.0,63.7,11.2,3.88,0.0,0.0,1.0
27.0,197.0,69.0,79.3,5.9,1.34,0.0,0.0,0.0
27.0,195.0,78.0,64.7,6.1,2.58,0.0,1.0,1.0
36.0,189.0,111.0,73.1,7.1,3.07,1.0,1.0,0.0
63.0,167.0,68.0,71.6,8.4,4.36,0.0,0.0,0.0
51.0,191.0,117.0,76.0,4.0,3.92,1.0,1.0,0.0
77.0,169.0,70.0,57.6,8.5,2.48,1.0,1.0,0.0
50.0,155.0,64.0,82.7,7.7,3.61,0.0,1.0,1.0
40.0,161.0,108.0,53.1,6.7,3.31,1.0,0.0,0.0
72.0,151.0,54.0,64.6,8.1,1.5,1.0,1.0,0.0
45.0,156.0,111.0,69.7,8.8,1.94,1.0,0.0,0.0
49.0,165.0,68.0,79.1,9.0,2.36,1.0,1.0,1.0
67.0,152.0,49.0,86.6,7.5,1.78,1.0,1.0,0.0
24.0,194.0,111.0,79.2,8.0,1.6,1.0,0.0,1.0
46.0,152.0,30.0,87.0,7.9,1.23,0.0,0.0,1.0
25.0,176.0,71.0,60.0,9.3,4.49,0.0,1.0,1.0
18.0,199.0,59.0,84.3,8.1,2.16,0.0,1.0,1.0
74.0,192.0,79.0,82.2,8.5,2.16,0.0,1.0,0.0
72.0,189.0,97.0,45.0,8.8,1.82,0.0,0.0,1.0
20.0,187.0,88.0,67.4,10.4,2.9,1.0,1.0,0.0
41.0,182.0,70.0,77.2,6.6,3.06,0.0,0.0,1.0
40.0,177.0,91.0,63.8,9.9,1.83,0.0,1.0,0.0
76.0,150.0,78.0,57.0,11.2,3.43,0.0,1.0,1.0
78.0,157.0,94.0,95.4,7.56,3.89,0.0,1.0,1.0
25.0,186.0,56.0,71.3,7.2,2.5,1.0,1.0,0.0
71.0,181.0,48.0,71.7,6.9,3.34,0.0,1.0,1.0
74.0,197.0,92.0,54.3,8.5,3.01,0.0,1.0,0.0
64.0,192.0,99.0,62.7,4.7,1.78,1.0,1.0,0.0
54.0,186.0,45.0,59.2,7.94,3.92,1.0,0.0,0.0
20.0,153.0,110.0,82.9,7.1,4.21,0.0,1.0,1.0
68.0,179.0,74.0,76.1,7.540000000000001,3.6,1.0,1.0,0.0
50.0,155.0,47.0,63.2,9.2,2.3,1.0,1.0,0.0
45.0,195.0,65.0,76.7,6.8,4.71,0.0,1.0,1.0
64.0,168.0,93.0,67.0,8.7,2.82,1.0,0.0,0.0
25.0,181.0,106.0,72.8,8.3,2.06,0.0,0.0,1.0
51.0,158.0,82.0,72.8,10.1,2.63,1.0,1.0,1.0
52.0,161.0,59.0,75.0,7.859999999999999,3.77,1.0,1.0,0.0
49.0,160.0,96.0,73.6,6.32,4.38,1.0,0.0,0.0
41.0,195.0,90.0,75.1,7.2,2.43,1.0,0.0,0.0
31.0,165.0,69.0,85.1,7.1,1.93,0.0,0.0,1.0
49.0,150.0,65.0,77.7,7.9,3.51,1.0,1.0,1.0
73.0,194.0,49.0,66.0,9.1,4.68,1.0,0.0,0.0
63.0,170.0,114.0,68.8,7.8,1.73,1.0,0.0,0.0
60.0,179.0,91.0,84.8,7.0200000000000005,4.21,0.0,1.0,1.0
33.0,162.0,112.0,71.3,7.5,2.91,0.0,1.0,1.0
21.0,183.0,62.0,65.5,8.7,4.2,1.0,1.0,1.0
69.0,153.0,65.0,62.4,6.6,3.02,1.0,0.0,0.0
54.0,177.0,67.0,73.3,5.3,2.51,1.0,0.0,0.0
71.0,187.0,108.0,59.7,8.5,3.79,0.0,0.0,1.0
38.0,180.0,111.0,85.4,8.1,4.6,1.0,0.0,1.0
31.0,176.0,84.0,57.5,9.5,2.28,0.0,1.0,1.0
48.0,154.0,54.0,87.7,4.0,2.84,0.0,0.0,0.0
72.0,174.0,96.0,66.6,7.3,1.92,0.0,1.0,1.0
65.0,152.0,116.0,57.1,7.7,1.73,0.0,0.0,0.0
35.0,182.0,119.0,72.3,5.2,4.11,1.0,0.0,0.0
24.0,153.0,105.0,58.6,7.4,1.8,0.0,0.0,0.0
27.0,174.0,108.0,70.4,9.3,4.17,1.0,1.0,0.0
24.0,169.0,49.0,63.1,10.6,2.72,0.0,0.0,0.0
50.0,183.0,97.0,81.3,9.0,4.98,1.0,1.0,0.0
40.0,175.0,99.0,71.6,7.0,1.79,0.0,1.0,1.0
38.0,154.0,81.0,55.7,9.4,1.37,0.0,1.0,0.0
36.0,184.0,100.0,62.8,8.9,1.3,1.0,1.0,0.0
65.0,177.0,103.0,78.5,6.8,4.34,0.0,0.0,1.0
78.0,178.0,113.0,85.4,6.6,2.75,1.0,0.0,0.0
36.0,158.0,117.0,69.5,7.2,1.01,0.0,1.0,1.0
53.0,187.0,103.0,57.5,5.9,4.5,1.0,1.0,0.0
46.0,199.0,46.0,82.6,7.0,4.51,1.0,0.0,1.0
77.0,155.0,109.0,78.4,8.2,4.23,1.0,0.0,0.0
35.0,168.0,104.0,85.7,9.1,1.99,1.0,1.0,0.0
19.0,193.0,95.0,73.5,6.9,2.49,0.0,0.0,1.0
18.0,160.0,74.0,63.8,9.6,3.98,0.0,0.0,1.0
64.0,151.0,55.0,76.2,8.5,2.96,0.0,0.0,0.0
22.0,196.0,83.0,73.9,8.5,1.62,1.0,1.0,0.0
37.0,193.0,116.0,63.1,6.1,1.97,1.0,1.0,0.0
28.0,193.0,107.0,72.4,10.2,4.89,0.0,1.0,1.0
59.0,158.0,108.0,67.7,6.640000000000001,1.6,1.0,1.0,0.0
19.0,170.0,105.0,78.9,7.0,3.9,0.0,1.0,1.0
20.0,173.0,98.0,75.9,6.7,2.91,1.0,0.0,1.0
40.0,183.0,117.0,57.4,7.0,3.99,1.0,0.0,1.0
72.0,171.0,102.0,56.2,6.0,3.64,1.0,0.0,0.0
29.0,152.0,100.0,68.9,6.359999999999999,2.76,1.0,1.0,0.0
37.0,161.0,78.0,70.4,6.9799999999999995,2.42,1.0,0.0,0.0
22.0,177.0,75.0,79.1,7.9,4.02,0.0,1.0,1.0
54.0,179.0,96.0,76.2,8.24,2.29,1.0,1.0,0.0
55.0,175.0,45.0,87.5,8.5,4.15,0.0,1.0,0.0
47.0,197.0,99.0,64.4,8.7,3.72,0.0,1.0,1.0
26.0,170.0,66.0,63.7,6.5,3.31,0.0,1.0,0.0
51.0,177.0,30.0,58.5,7.4,2.48,0.0,1.0,0.0
70.0,175.0,45.0,79.0,5.3,1.82,0.0,0.0,0.0
61.0,182.0,109.0,70.3,10.1,3.84,1.0,1.0,0.0
52.0,170.0,107.0,47.8,9.1,1.37,0.0,0.0,0.0
69.0,184.0,98.0,72.4,5.4,4.88,0.0,1.0,1.0
75.0,183.0,86.0,73.2,6.2,4.91,0.0,0.0,1.0
39.0,190.0,65.0,68.3,7.3,1.52,1.0,1.0,0.0
61.0,196.0,66.0,73.6,7.6,1.42,1.0,1.0,0.0
41.0,167.0,82.0,55.4,6.5,2.65,1.0,0.0,1.0
34.0,160.0,52.0,89.7,5.8,4.85,1.0,1.0,1.0
27.0,172.0,106.0,74.6,8.1,2.6,1.0,1.0,0.0
47.0,197.0,91.0,48.7,5.46,2.46,0.0,0.0,1.0
73.0,171.0,61.0,69.9,7.6,3.81,0.0,0.0,1.0
76.0,166.0,61.0,74.9,7.1,1.71,1.0,1.0,0.0
63.0,154.0,57.0,56.6,6.9,2.45,1.0,0.0,0.0
40.0,193.0,61.0,76.4,5.9,2.17,1.0,0.0,0.0
49.0,160.0,82.0,90.2,6.5,3.41,1.0,1.0,1.0
34.0,179.0,89.0,62.3,9.2,1.65,1.0,0.0,1.0
67.0,164.0,50.0,75.1,4.4,3.19,1.0,1.0,0.0
68.0,176.0,79.0,72.5,7.6,4.43,0.0,0.0,0.0
34.0,184.0,58.0,81.6,7.5,3.06,0.0,1.0,0.0
31.0,182.0,116.0,68.7,7.7,3.73,1.0,1.0,0.0
26.0,169.0,105.0,57.2,8.6,1.3,1.0,1.0,0.0
57.0,165.0,59.0,80.9,7.6,2.8,0.0,0.0,1.0
19.0,183.0,98.0,57.9,8.44,1.38,0.0,1.0,0.0
62.0,151.0,71.0,91.7,6.5,3.4,0.0,0.0,1.0
42.0,184.0,57.0,76.7,9.4,2.12,0.0,1.0,0.0
56.0,189.0,75.0,62.8,9.1,2.15,0.0,1.0,0.0
26.0,177.0,79.0,83.3,7.7,1.31,1.0,1.0,1.0
71.0,196.0,104.0,69.9,7.1,2.24,1.0,0.0,0.0
39.0,188.0,50.0,67.3,6.5,3.03,0.0,1.0,0.0
60.0,155.0,113.0,61.8,8.2,3.34,0.0,1.0,0.0
63.0,158.0,102.0,47.5,8.1,1.27,0.0,0.0,0.0
21.0,169.0,93.0,77.3,8.5,3.61,0.0,1.0,1.0
43.0,150.0,67.0,50.5,8.8,2.96,1.0,1.0,0.0
75.0,157.0,78.0,60.5,8.4,3.15,0.0,0.0,0.0
46.0,172.0,70.0,75.2,9.1,4.33,0.0,0.0,1.0
62.0,152.0,91.0,64.0,9.3,2.37,0.0,0.0,1.0
51.0,153.0,49.0,71.9,9.3,1.7,0.0,1.0,1.0
40.0,174.0,64.0,55.4,4.1,3.21,1.0,0.0,0.0
54.0,196.0,50.0,65.8,7.8,4.78,0.0,1.0,1.0
28.0,187.0,114.0,72.0,6.1,3.07,1.0,1.0,0.0
23.0,164.0,103.0,58.6,9.1,4.33,0.0,0.0,1.0
35.0,170.0,108.0,90.2,4.1,4.03,0.0,0.0,0.0
38.0,184.0,62.0,62.4,9.7,3.07,1.0,1.0,1.0
59.0,195.0,48.0,86.5,6.2,3.59,0.0,0.0,1.0
53.0,163.0,61.0,68.0,5.9,2.63,1.0,0.0,0.0
58.0,185.0,58.0,51.2,8.0,3.12,1.0,1.0,0.0
55.0,161.0,57.0,56.4,6.9,3.03,0.0,0.0,1.0
51.0,166.0,51.0,72.1,10.2,3.84,0.0,0.0,1.0
34.0,188.0,88.0,82.4,9.5,2.64,1.0,0.0,1.0
54.0,158.0,59.0,91.2,6.7,1.4,1.0,1.0,0.0
42.0,184.0,63.0,71.5,9.1,4.15,0.0,0.0,1.0
55.0,162.0,107.0,55.9,6.7,3.74,1.0,0.0,0.0
75.0,164.0,79.0,73.3,6.7,4.8,0.0,1.0,0.0
29.0,167.0,79.0,60.1,8.6,2.71,0.0,1.0,0.0
40.0,182.0,63.0,74.7,9.7,1.31,0.0,1.0,0.0
70.0,155.0,64.0,58.7,6.9,1.49,1.0,1.0,0.0
59.0,176.0,79.0,45.0,7.0,4.09,1.0,0.0,1.0
39.0,172.0,76.0,85.8,8.0,1.27,1.0,1.0,0.0
38.0,176.0,92.0,67.3,6.2,4.63,0.0,1.0,1.0
44.0,183.0,88.0,70.6,9.8,2.13,1.0,0.0,1.0
74.0,195.0,68.0,82.0,6.1,4.6,0.0,1.0,0.0
48.0,187.0,220.0,92.5,6.6,4.09,1.0,1.0,0.0
23.0,163.0,61.0,78.6,6.62,4.48,1.0,0.0,0.0
44.0,185.0,115.0,71.2,7.8,1.86,1.0,1.0,1.0
57.0,157.0,94.0,75.6,10.4,3.38,0.0,1.0,1.0
51.0,184.0,109.0,66.5,7.2,1.37,1.0,0.0,0.0
29.0,168.0,76.0,70.4,11.3,1.81,1.0,0.0,0.0
62.0,179.0,80.0,71.7,6.359999999999999,2.24,1.0,0.0,0.0
74.0,163.0,57.0,60.6,6.4,3.96,1.0,0.0,0.0
70.0,169.0,114.0,70.3,6.3,1.1,0.0,0.0,0.0
24.0,198.0,102.0,74.4,8.42,4.61,0.0,0.0,1.0
27.0,174.0,58.0,76.2,5.5,1.28,0.0,0.0,0.0
62.0,189.0,81.0,75.2,6.5,2.51,1.0,0.0,1.0
34.0,173.0,112.0,53.9,6.0,1.32,0.0,0.0,0.0
43.0,163.0,84.0,84.8,4.0,4.08,1.0,0.0,1.0
38.0,175.0,103.0,83.8,8.8,1.57,0.0,0.0,0.0
45.0,187.0,60.0,68.8,8.7,4.54,0.0,0.0,1.0
79.0,172.0,106.0,75.5,8.0,3.12,1.0,1.0,0.0
75.0,171.0,48.0,67.4,5.8,4.79,1.0,0.0,0.0
63.0,197.0,89.0,79.0,10.0,2.16,0.0,0.0,1.0
19.0,168.0,72.0,60.2,7.2,2.82,0.0,0.0,1.0
77.0,195.0,110.0,86.1,6.3,3.78,0.0,0.0,1.0
71.0,152.0,75.0,78.4,7.8,4.33,0.0,0.0,1.0
60.0,191.0,47.0,78.7,7.8,2.69,0.0,1.0,0.0
18.0,168.0,52.0,68.7,4.0,4.57,0.0,1.0,1.0
68.0,158.0,68.0,53.0,7.5,1.47,0.0,1.0,0.0
70.0,177.0,59.0,80.6,7.7,3.83,1.0,1.0,0.0
53.0,169.0,87.0,53.4,6.9,2.39,1.0,0.0,0.0
68.0,194.0,75.0,80.8,5.5,1.41,0.0,1.0,0.0
43.0,156.0,117.0,60.7,5.6,2.55,1.0,1.0,0.0
46.0,163.0,89.0,51.0,7.0200000000000005,4.52,0.0,0.0,1.0
38.0,158.0,110.0,70.0,8.52,4.92,1.0,1.0,0.0
28.0,168.0,52.0,84.2,6.8,2.57,1.0,1.0,0.0
57.0,196.0,115.0,58.4,8.1,4.55,1.0,0.0,1.0
28.0,163.0,101.0,89.2,6.8,3.04,0.0,0.0,1.0
53.0,187.0,74.0,77.9,6.2,3.87,0.0,1.0,1.0
66.0,185.0,118.0,71.9,7.8,1.18,1.0,0.0,0.0
76.0,189.0,62.0,64.8,5.8,3.23,0.0,1.0,0.0
56.0,166.0,113.0,65.6,7.94,1.28,0.0,0.0,0.0
57.0,179.0,83.0,75.2,5.3,2.07,1.0,1.0,0.0
52.0,158.0,104.0,80.2,7.9,3.27,0.0,1.0,0.0
71.0,182.0,200.0,62.9,7.7,4.23,0.0,1.0,0.0
51.0,174.0,89.0,60.3,7.6,3.24,0.0,0.0,1.0
72.0,163.0,67.0,67.4,9.7,4.74,1.0,0.0,1.0
64.0,160.0,113.0,86.7,4.0,4.24,1.0,1.0,0.0
41.0,184.0,50.0,55.4,8.1,1.62,1.0,0.0,0.0
71.0,190.0,100.0,83.7,7.1,2.56,1.0,0.0,0.0
39.0,163.0,48.0,70.5,8.4,3.67,0.0,1.0,0.0
22.0,179.0,67.0,50.2,7.6,4.75,1.0,0.0,1.0
73.0,190.0,50.0,64.5,7.4,4.95,1.0,0.0,0.0
50.0,153.0,76.0,77.3,5.7,4.05,0.0,1.0,1.0
75.0,153.0,62.0,91.6,6.5,3.3,0.0,1.0,0.0
53.0,177.0,59.0,54.1,12.0,4.03,1.0,0.0,1.0
64.0,157.0,84.0,45.0,8.4,2.09,0.0,0.0,1.0
37.0,151.0,117.0,54.3,9.1,2.13,0.0,0.0,0.0
36.0,190.0,118.0,83.6,7.0,3.62,1.0,1.0,1.0
52.0,195.0,50.0,48.5,7.6,4.49,1.0,0.0,0.0
69.0,171.0,107.0,88.0,8.7,4.88,1.0,0.0,0.0
60.0,190.0,111.0,84.6,4.6,2.37,0.0,0.0,1.0
34.0,165.0,55.0,72.3,6.5,4.19,1.0,0.0,1.0
79.0,178.0,87.0,62.5,7.0,4.41,0.0,0.0,0.0
76.0,198.0,61.0,70.7,8.9,3.49,0.0,0.0,1.0
62.0,197.0,48.0,77.3,8.1,2.39,0.0,1.0,1.0
60.0,179.0,107.0,75.5,6.8,3.48,0.0,1.0,0.0
51.0,161.0,112.0,90.9,8.1,3.34,0.0,1.0,0.0
26.0,184.0,85.0,66.9,7.0,3.43,1.0,0.0,1.0
43.0,160.0,49.0,54.4,9.1,3.48,0.0,0.0,1.0
19.0,195.0,76.0,52.3,7.9,4.39,0.0,1.0,1.0
70.0,199.0,114.0,49.9,10.1,1.68,0.0,1.0,0.0
26.0,170.0,79.0,72.4,7.1,2.47,0.0,1.0,0.0
26.0,170.0,66.0,67.2,9.3,3.34,0.0,1.0,1.0
57.0,154.0,109.0,70.4,7.6,2.13,1.0,1.0,0.0
34.0,197.0,66.0,63.6,6.5,4.91,0.0,0.0,1.0
18.0,169.0,55.0,56.7,6.539999999999999,2.05,0.0,0.0,0.0
42.0,186.0,47.0,77.4,9.5,2.88,1.0,0.0,1.0
78.0,152.0,53.0,45.0,7.9,4.51,1.0,0.0,0.0
60.0,193.0,104.0,60.4,8.6,1.32,0.0,0.0,0.0
57.0,182.0,58.0,79.4,5.9,4.28,0.0,1.0,1.0
59.0,158.0,62.0,59.2,5.9,3.28,1.0,1.0,0.0
42.0,158.0,117.0,74.7,9.2,1.13,0.0,0.0,0.0
56.0,153.0,67.0,60.4,7.5,4.61,0.0,1.0,0.0
52.0,184.0,118.0,64.5,7.3,1.16,0.0,0.0,0.0
20.0,166.0,91.0,76.9,7.1,3.06,0.0,0.0,1.0
67.0,183.0,113.0,54.7,7.7,1.2,0.0,1.0,0.0
54.0,173.0,91.0,78.9,6.0200000000000005,1.28,0.0,0.0,0.0
61.0,181.0,74.0,70.6,4.5,4.55,0.0,0.0,0.0
61.0,150.0,69.0,85.1,9.6,4.06,1.0,0.0,1.0
68.0,157.0,72.0,72.5,7.3,1.79,0.0,1.0,0.0
47.0,194.0,69.0,57.2,10.2,3.48,0.0,1.0,1.0
55.0,172.0,118.0,90.7,4.9,4.18,0.0,0.0,1.0
51.0,196.0,102.0,58.2,4.9,4.56,0.0,0.0,1.0
29.0,189.0,85.0,67.3,7.1,2.87,0.0,1.0,1.0
36.0,161.0,69.0,81.5,9.0,4.59,0.0,1.0,1.0
54.0,161.0,92.0,47.4,5.7,3.03,1.0,1.0,0.0
61.0,195.0,54.0,87.3,5.6,3.75,0.0,1.0,0.0
76.0,196.0,119.0,56.2,8.1,4.92,0.0,0.0,0.0
76.0,164.0,55.0,64.5,7.0,1.94,0.0,0.0,1.0
66.0,190.0,65.0,73.5,8.3,1.67,0.0,0.0,0.0
78.0,168.0,89.0,69.5,7.1,2.37,0.0,1.0,0.0
34.0,175.0,51.0,79.5,7.9,1.66,1.0,1.0,0.0
27.0,178.0,108.0,50.8,9.5,2.14,1.0,0.0,1.0
74.0,171.0,220.0,78.7,7.159999999999999,3.97,1.0,1.0,0.0
72.0,189.0,46.0,79.7,7.44,2.91,1.0,0.0,0.0
66.0,170.0,86.0,82.4,7.38,2.5,1.0,1.0,0.0
64.0,187.0,98.0,50.9,8.4,2.47,0.0,0.0,1.0
29.0,169.0,119.0,52.4,9.6,1.78,0.0,0.0,0.0
79.0,178.0,60.0,65.9,6.7,2.79,1.0,0.0,0.0
33.0,153.0,62.0,53.7,8.5,3.5,0.0,0.0,0.0
41.0,156.0,103.0,48.4,6.8,1.56,1.0,1.0,0.0
36.0,177.0,60.0,65.4,8.4,4.89,1.0,0.0,1.0
25.0,177.0,50.0,72.8,4.1,2.77,0.0,0.0,1.0
48.0,153.0,101.0,103.6,7.7,4.79,1.0,0.0,1.0
38.0,171.0,91.0,76.6,8.1,1.54,0.0,0.0,1.0
34.0,161.0,92.0,91.0,9.5,4.07,0.0,1.0,1.0
40.0,194.0,86.0,69.5,8.9,3.47,1.0,0.0,1.0
54.0,152.0,104.0,76.7,7.3,4.28,1.0,0.0,0.0
71.0,171.0,48.0,68.2,7.9,3.4,1.0,1.0,0.0
33.0,193.0,46.0,102.2,9.580000000000002,4.85,0.0,0.0,1.0
23.0,151.0,103.0,61.8,10.0,3.51,0.0,0.0,0.0
25.0,173.0,71.0,63.4,8.5,4.14,1.0,0.0,1.0
42.0,183.0,71.0,79.6,4.7,4.51,1.0,0.0,1.0
35.0,176.0,116.0,72.5,7.9,3.86,1.0,1.0,0.0
42.0,190.0,51.0,64.9,7.1800000000000015,3.1,1.0,1.0,0.0
29.0,150.0,107.0,81.5,6.3,2.09,1.0,1.0,0.0
32.0,157.0,90.0,69.5,7.6,4.42,1.0,1.0,0.0
76.0,172.0,107.0,69.4,6.2,2.92,1.0,1.0,0.0
43.0,187.0,56.0,72.8,5.4,3.48,0.0,1.0,1.0
58.0,155.0,57.0,49.2,6.6,1.32,1.0,0.0,0.0
62.0,171.0,87.0,50.9,7.8,2.99,1.0,0.0,0.0
43.0,174.0,61.0,83.0,8.9,3.79,0.0,0.0,1.0
64.0,167.0,107.0,61.9,7.6,3.34,0.0,0.0,1.0
49.0,166.0,80.0,68.4,8.9,2.79,0.0,1.0,1.0
27.0,161.0,52.0,89.3,8.5,1.89,1.0,0.0,1.0
33.0,155.0,250.0,68.9,5.9,2.24,0.0,0.0,0.0
24.0,175.0,80.0,67.5,8.5,3.8,0.0,1.0,1.0
34.0,176.0,72.0,80.8,8.5,1.9,0.0,0.0,1.0
40.0,157.0,91.0,62.8,10.1,3.49,0.0,0.0,0.0
43.0,168.0,74.0,84.4,8.1,3.36,1.0,1.0,1.0
38.0,191.0,67.0,80.5,5.6,4.88,0.0,0.0,0.0
39.0,150.0,60.0,92.0,6.7,1.24,0.0,0.0,1.0
75.0,178.0,58.0,61.7,4.7,1.43,1.0,1.0,0.0
24.0,194.0,118.0,86.4,8.3,3.02,0.0,0.0,1.0
31.0,198.0,115.0,76.6,10.0,3.11,1.0,0.0,1.0
32.0,184.0,96.0,54.1,4.0,1.16,0.0,0.0,0.0
70.0,189.0,81.0,45.0,10.0,4.3,1.0,0.0,1.0
24.0,163.0,73.0,60.4,8.2,2.98,1.0,0.0,1.0
26.0,184.0,111.0,73.5,5.9,2.39,0.0,1.0,0.0
68.0,197.0,59.0,75.2,7.9,2.28,1.0,0.0,0.0
65.0,194.0,91.0,69.3,5.9,4.45,0.0,0.0,1.0
25.0,169.0,90.0,69.4,8.2,1.79,1.0,0.0,0.0
67.0,198.0,96.0,68.5,7.6,1.64,1.0,1.0,0.0
76.0,162.0,63.0,82.4,8.0,1.85,0.0,1.0,0.0
40.0,187.0,65.0,52.8,6.1,3.5,0.0,1.0,1.0
46.0,198.0,108.0,73.2,6.3,4.24,0.0,0.0,1.0
35.0,195.0,81.0,60.1,8.3,2.32,0.0,0.0,0.0
48.0,198.0,71.0,59.1,6.7,1.69,0.0,0.0,0.0
47.0,157.0,99.0,84.1,7.960000000000001,1.84,1.0,0.0,0.0
69.0,192.0,73.0,58.2,6.5,3.48,0.0,0.0,1.0
56.0,169.0,64.0,68.3,7.2,1.98,1.0,1.0,0.0
52.0,182.0,69.0,93.5,9.2,4.51,0.0,0.0,1.0
35.0,175.0,114.0,80.1,7.2,1.42,0.0,0.0,0.0
76.0,188.0,107.0,64.5,7.2,1.13,0.0,1.0,0.0
59.0,170.0,80.0,65.5,6.6,1.35,1.0,1.0,0.0
56.0,198.0,46.0,55.3,9.1,4.38,0.0,1.0,1.0
34.0,191.0,66.0,85.6,6.4,3.6,0.0,1.0,0.0
31.0,192.0,60.0,82.1,9.4,4.83,0.0,1.0,1.0
48.0,190.0,62.0,78.2,7.7,2.35,1.0,0.0,0.0
41.0,158.0,113.0,79.6,11.5,1.85,1.0,0.0,0.0
52.0,173.0,98.0,60.7,8.36,3.25,1.0,0.0,1.0
61.0,186.0,74.0,51.4,9.4,3.15,0.0,0.0,1.0
77.0,198.0,89.0,76.7,8.3,3.36,1.0,0.0,0.0
62.0,190.0,63.0,80.7,6.7,2.39,1.0,1.0,0.0
51.0,166.0,78.0,89.3,8.3,1.02,1.0,0.0,0.0
